"customer_city","customer_state","customer_count","total_revenue","avg_revenue_per_customer"
sao paulo,SP,15540,2203373.09,141.7872001287001287
rio de janeiro,RJ,6882,1161927.36,168.8357105492589364
belo horizonte,MG,2773,421765.12,152.0970501262170934
brasilia,DF,2131,354216.78,166.2209197559831065
curitiba,PR,1521,247392.48,162.6512031558185404
porto alegre,RS,1379,224731.42,162.9669470630891951
salvador,BA,1245,218071.50,175.1578313253012048
campinas,SP,1444,216248.43,149.7565304709141274
guarulhos,SP,1189,165121.99,138.8746761984861228
niteroi,RJ,849,139996.99,164.8963368669022379
goiania,GO,692,125494.60,181.3505780346820809
sao bernardo do campo,SP,938,120434.84,128.3953518123667377
fortaleza,CE,654,119863.47,183.2774770642201835
santos,SP,713,112343.17,157.5640532959326788
recife,PE,613,110745.23,180.6610603588907015
florianopolis,SC,570,106512.16,186.8634385964912281
santo andre,SP,796,105536.19,132.5831532663316583
belem,PA,443,95842.26,216.3482167042889391
osasco,SP,746,94358.72,126.4862198391420912
jundiai,SP,565,93038.64,164.6701592920353982
sao jose dos campos,SP,691,91637.75,132.6161360347322721
sorocaba,SP,633,88337.50,139.5537124802527646
juiz de fora,MG,427,75830.85,177.5898126463700234
ribeirao preto,SP,510,75798.71,148.6249215686274510
nova iguacu,RJ,442,71044.83,160.7349095022624434
campo grande,MS,320,67000.32,209.3760000000000000
sao luis,MA,353,64499.84,182.7190934844192635
joao pessoa,PB,256,63353.63,247.4751171875000000
vitoria,ES,379,62882.17,165.9160158311345646
sao goncalo,RJ,409,61852.97,151.2297555012224939
teresina,PI,281,60625.46,215.7489679715302491
barueri,SP,433,59969.68,138.4981062355658199
piracicaba,SP,369,59774.42,161.9902981029810298
mogi das cruzes,SP,383,59354.69,154.9730809399477807
contagem,MG,426,58947.14,138.3735680751173709
uberlandia,MG,374,57103.35,152.6827540106951872
vila velha,ES,334,56443.68,168.9930538922155689
londrina,PR,306,54496.04,178.0916339869281046
sao jose do rio preto,SP,335,53976.56,161.1240597014925373
maceio,AL,247,53170.76,215.2662348178137652
maua,SP,323,48763.63,150.9709907120743034
cuiaba,MT,248,47117.16,189.9885483870967742
aracaju,SE,225,46812.73,208.0565777777777778
praia grande,SP,311,46801.01,150.4855627009646302
bauru,SP,273,45175.83,165.4792307692307692
maringa,PR,271,45171.45,166.6843173431734317
caxias do sul,RS,224,44321.35,197.8631696428571429
natal,RN,207,43606.49,210.6593719806763285
serra,ES,285,42965.77,150.7570877192982456
indaiatuba,SP,280,42055.80,150.1992857142857143
taboao da serra,SP,296,41237.53,139.3159797297297297
joinville,SC,264,41030.38,155.4181060606060606
duque de caxias,RJ,266,40276.37,151.4149248120300752
campos dos goytacazes,RJ,238,40212.11,168.9584453781512605
petropolis,RJ,240,39807.70,165.8654166666666667
volta redonda,RJ,232,39114.51,168.5970258620689655
divinopolis,MG,137,38970.08,284.4531386861313869
macae,RJ,239,38751.06,162.1383263598326360
carapicuiba,SP,328,37641.46,114.7605487804878049
marilia,SP,196,37493.97,191.2957653061224490
santa maria,RS,194,37224.65,191.8796391752577320
sao caetano do sul,SP,277,36936.64,133.3452707581227437
cotia,SP,250,36095.50,144.3820000000000000
taubate,SP,270,35299.00,130.7370370370370370
sao carlos,SP,236,34582.61,146.5364830508474576
betim,MG,203,34507.00,169.9852216748768473
diadema,SP,286,34301.20,119.9342657342657343
guaruja,SP,226,33837.55,149.7236725663716814
uberaba,MG,191,33426.95,175.0102094240837696
feira de santana,BA,185,32466.80,175.4962162162162162
canoas,RS,210,32014.76,152.4512380952380952
nova friburgo,RJ,152,31738.41,208.8053289473684211
montes claros,MG,211,31546.54,149.5096682464454976
presidente prudente,SP,161,29988.07,186.2613043478260870
blumenau,SC,188,29278.17,155.7349468085106383
porto velho,RO,113,29253.63,258.8816814159292035
suzano,SP,234,29181.65,124.7079059829059829
americana,SP,224,28948.54,129.2345535714285714
cascavel,PR,148,27649.60,186.8216216216216216
pelotas,RS,186,27619.14,148.4900000000000000
limeira,SP,190,27236.59,143.3504736842105263
santana de parnaiba,SP,185,26814.80,144.9448648648648649
ipatinga,MG,171,26176.78,153.0805847953216374
manaus,AM,140,25913.57,185.0969285714285714
franca,SP,161,25896.09,160.8452795031055901
jaboatao dos guararapes,PE,135,25672.86,190.1693333333333333
valinhos,SP,183,25660.62,140.2219672131147541
sumare,SP,183,25162.78,137.5015300546448087
sao jose,SC,169,24581.31,145.4515384615384615
governador valadares,MG,141,24444.19,173.3630496453900709
pouso alegre,MG,131,24195.41,184.6977862595419847
atibaia,SP,159,24181.10,152.0823899371069182
rio das ostras,RJ,137,23941.41,174.7548175182481752
sao vicente,SP,163,23743.40,145.6650306748466258
embu das artes,SP,165,23321.16,141.3403636363636364
barra mansa,RJ,123,23302.02,189.4473170731707317
nova lima,MG,98,23287.83,237.6309183673469388
rio claro,SP,154,23269.60,151.1012987012987013
araraquara,SP,155,23223.69,149.8302580645161290
novo hamburgo,RS,123,23086.84,187.6978861788617886
braganca paulista,SP,146,22916.41,156.9617123287671233
campina grande,PB,68,22783.29,335.0483823529411765
ponta grossa,PR,143,22282.28,155.8201398601398601
sao joao de meriti,RJ,134,22184.56,165.5564179104477612
itajai,SC,120,22135.56,184.4630000000000000
itaquaquecetuba,SP,172,22052.57,128.2126162790697674
palmas,TO,91,21921.28,240.8931868131868132
gravatai,RS,112,21719.36,193.9228571428571429
jacarei,SP,194,21660.84,111.6538144329896907
angra dos reis,RJ,85,21654.73,254.7615294117647059
ananindeua,PA,88,21236.85,241.3278409090909091
itapevi,SP,170,21190.41,124.6494705882352941
cariacica,ES,139,20750.88,149.2869064748201439
sete lagoas,MG,128,20704.50,161.7539062500000000
teresopolis,RJ,120,20358.31,169.6525833333333333
pocos de caldas,MG,122,20316.20,166.5262295081967213
cabo frio,RJ,117,20223.76,172.8526495726495726
anapolis,GO,113,20165.89,178.4592035398230088
vitoria da conquista,BA,92,19921.40,216.5369565217391304
aracatuba,SP,141,19704.66,139.7493617021276596
rio grande,RS,125,19578.41,156.6272800000000000
balneario camboriu,SC,100,19408.89,194.0889000000000000
patos de minas,MG,100,19349.55,193.4955000000000000
cachoeiro de itapemirim,ES,122,19231.25,157.6331967213114754
araruama,RJ,77,19196.05,249.2993506493506494
botucatu,SP,101,19053.07,188.6442574257425743
paulinia,SP,130,18892.76,145.3289230769230769
marica,RJ,139,18870.87,135.7616546762589928
mage,RJ,111,18762.55,169.0319819819819820
hortolandia,SP,145,18748.57,129.3004827586206897
vicosa,MG,89,18649.71,209.5473033707865169
passo fundo,RS,113,18163.87,160.7422123893805310
sao jose dos pinhais,PR,133,17946.24,134.9341353383458647
criciuma,SC,93,17934.61,192.8452688172043011
chapeco,SC,103,17750.73,172.3371844660194175
ferraz de vasconcelos,SP,111,17635.78,158.8809009009009009
guaratingueta,SP,98,17042.43,173.9023469387755102
aparecida de goiania,GO,110,16992.24,154.4749090909090909
petrolina,PE,65,16959.22,260.9110769230769231
rio branco,AC,70,16928.47,241.8352857142857143
birigui,SP,79,16694.84,211.3270886075949367
belford roxo,RJ,111,16556.00,149.1531531531531532
ourinhos,SP,80,16507.83,206.3478750000000000
itajuba,MG,94,16505.20,175.5872340425531915
resende,RJ,117,16496.72,140.9976068376068376
varginha,MG,89,16340.99,183.6066292134831461
nilopolis,RJ,107,16117.68,150.6325233644859813
itu,SP,136,16113.28,118.4800000000000000
caraguatatuba,SP,89,15757.32,177.0485393258426966
olinda,PE,93,15650.04,168.2800000000000000
jaragua do sul,SC,89,15357.91,172.5607865168539326
caieiras,SP,102,15343.87,150.4300980392156863
araxa,MG,78,15309.24,196.2723076923076923
lavras,MG,83,15307.96,184.4332530120481928
ribeirao das neves,MG,101,15213.43,150.6280198019801980
araras,SP,94,15187.25,161.5664893617021277
santa barbara d'oeste,SP,119,15047.49,126.4494957983193277
pindamonhangaba,SP,101,14840.34,146.9340594059405941
porto seguro,BA,41,14411.11,351.4904878048780488
linhares,ES,65,14326.80,220.4123076923076923
barbacena,MG,80,14321.70,179.0212500000000000
mogi-guacu,SP,93,14240.38,153.1223655913978495
itapetininga,SP,78,14209.93,182.1785897435897436
rondonopolis,MT,65,14105.62,217.0095384615384615
sobral,CE,36,13908.71,386.3530555555555556
foz do iguacu,PR,87,13902.67,159.8008045977011494
santa luzia,MG,93,13841.61,148.8345161290322581
assis,SP,84,13819.31,164.5155952380952381
macapa,AP,54,13666.03,253.0746296296296296
sao joao da boa vista,SP,82,13661.66,166.6056097560975610
lages,SC,84,13640.75,162.3898809523809524
itatiba,SP,97,13634.02,140.5569072164948454
palhoca,SC,95,13625.31,143.4243157894736842
sao leopoldo,RS,105,13331.05,126.9623809523809524
amparo,SP,67,13140.74,196.1304477611940299
tatui,SP,75,12968.59,172.9145333333333333
barreiras,BA,52,12952.73,249.0909615384615385
varzea paulista,SP,80,12789.56,159.8695000000000000
itabira,MG,79,12748.30,161.3708860759493671
muriae,MG,64,12616.09,197.1264062500000000
caruaru,PE,64,12579.23,196.5504687500000000
itanhaem,SP,80,12374.08,154.6760000000000000
votorantim,SP,85,12245.15,144.0605882352941176
cajamar,SP,101,12224.92,121.0388118811881188
salto,SP,95,12211.08,128.5376842105263158
tubarao,SC,60,12130.98,202.1830000000000000
araguari,MG,54,12048.94,223.1285185185185185
guarapari,ES,67,12021.14,179.4200000000000000
rio verde,GO,66,12000.38,181.8239393939393939
santa cruz do sul,RS,62,11974.65,193.1395161290322581
franco da rocha,SP,109,11893.33,109.1131192660550459
ribeirao pires,SP,109,11817.39,108.4164220183486239
cacapava,SP,74,11737.66,158.6170270270270270
toledo,PR,71,11736.79,165.3069014084507042
gaspar,SC,30,11633.61,387.7870000000000000
bage,RS,65,11599.13,178.4481538461538462
vinhedo,SP,95,11566.13,121.7487368421052632
catanduva,SP,75,11430.29,152.4038666666666667
jatai,GO,54,11337.93,209.9616666666666667
lauro de freitas,BA,75,11278.61,150.3814666666666667
caratinga,MG,62,11211.45,180.8298387096774194
conselheiro lafaiete,MG,84,11192.38,133.2426190476190476
sao roque,SP,79,11018.29,139.4720253164556962
ilheus,BA,72,11018.06,153.0286111111111111
jau,SP,74,10993.16,148.5562162162162162
cachoeirinha,RS,72,10975.34,152.4352777777777778
francisco morato,SP,100,10971.21,109.7121000000000000
mesquita,RJ,75,10927.32,145.6976000000000000
barretos,SP,73,10860.64,148.7758904109589041
paranagua,PR,60,10854.44,180.9073333333333333
poa,SP,85,10803.79,127.1034117647058824
bertioga,SP,49,10651.04,217.3681632653061224
dourados,MS,64,10612.85,165.8257812500000000
pato branco,PR,53,10599.58,199.9920754716981132
itabuna,BA,62,10426.60,168.1709677419354839
lins,SP,55,10402.96,189.1447272727272727
guarapuava,PR,65,10373.88,159.5981538461538462
mairipora,SP,75,10363.16,138.1754666666666667
pinhais,PR,69,10312.06,149.4501449275362319
ubatuba,SP,76,10303.16,135.5678947368421053
sao sebastiao,SP,60,10256.34,170.9390000000000000
itapecerica da serra,SP,98,10245.85,104.5494897959183673
paracatu,MG,63,10182.22,161.6225396825396825
mogi mirim,SP,76,10178.05,133.9217105263157895
manhuacu,MG,65,10156.88,156.2596923076923077
arapiraca,AL,29,10150.03,350.0010344827586207
jaguariuna,SP,62,9911.97,159.8704838709677419
boa vista,RR,45,9892.93,219.8428888888888889
sao joao del rei,MG,67,9889.99,147.6117910447761194
pirassununga,SP,69,9868.55,143.0224637681159420
araguaina,TO,41,9848.63,240.2104878048780488
avare,SP,64,9783.63,152.8692187500000000
votuporanga,SP,63,9760.03,154.9211111111111111
brusque,SC,60,9731.21,162.1868333333333333
jandira,SP,85,9728.98,114.4585882352941176
lagoa santa,MG,59,9721.16,164.7654237288135593
videira,SC,47,9611.89,204.5082978723404255
teofilo otoni,MG,75,9586.61,127.8214666666666667
luis eduardo magalhaes,BA,36,9538.69,264.9636111111111111
lorena,SP,83,9471.61,114.1157831325301205
lajeado,RS,50,9440.38,188.8076000000000000
parnamirim,RN,59,9414.48,159.5674576271186441
colombo,PR,62,9309.22,150.1487096774193548
itauna,MG,57,9239.65,162.0991228070175439
leme,SP,50,9157.01,183.1402000000000000
timoteo,MG,54,9148.99,169.4257407407407407
imperatriz,MA,40,9144.78,228.6195000000000000
nova serrana,MG,51,9143.59,179.2860784313725490
juazeiro,BA,44,8973.25,203.9375000000000000
apucarana,PR,52,8810.90,169.4403846153846154
camacari,BA,61,8799.87,144.2601639344262295
boituva,SP,50,8749.52,174.9904000000000000
aruja,SP,69,8722.18,126.4084057971014493
itapira,SP,55,8671.44,157.6625454545454545
francisco beltrao,PR,52,8639.10,166.1365384615384615
paranavai,PR,47,8625.30,183.5170212765957447
juazeiro do norte,CE,34,8586.07,252.5314705882352941
campo mourao,PR,56,8579.69,153.2087500000000000
sinop,MT,46,8555.82,185.9960869565217391
colatina,ES,65,8552.71,131.5801538461538462
tres lagoas,MS,42,8547.88,203.5209523809523810
ibirite,MG,50,8536.72,170.7344000000000000
bento goncalves,RS,56,8481.21,151.4501785714285714
matao,SP,52,8449.77,162.4955769230769231
itaborai,RJ,60,8432.21,140.5368333333333333
ouro preto,MG,57,8429.14,147.8796491228070175
fernandopolis,SP,53,8409.22,158.6645283018867925
ponte nova,MG,41,8306.49,202.5973170731707317
joao monlevade,MG,51,8264.99,162.0586274509803922
viamao,RS,73,8210.92,112.4783561643835616
vespasiano,MG,45,8180.67,181.7926666666666667
cubatao,SP,79,8171.42,103.4356962025316456
patrocinio,MG,47,8168.94,173.8072340425531915
varzea grande,MT,41,8163.10,199.1000000000000000
tres rios,RJ,40,8153.95,203.8487500000000000
itaperuna,RJ,47,8081.54,171.9476595744680851
unai,MG,54,8064.51,149.3427777777777778
sertaozinho,SP,62,8003.77,129.0930645161290323
para de minas,MG,37,7994.59,216.0700000000000000
registro,SP,50,7979.69,159.5938000000000000
paulo afonso,BA,40,7976.52,199.4130000000000000
eunapolis,BA,38,7916.78,208.3363157894736842
erechim,RS,58,7883.78,135.9272413793103448
jaboticabal,SP,54,7874.53,145.8246296296296296
peruibe,SP,44,7865.63,178.7643181818181818
pirapora,MG,42,7842.16,186.7180952380952381
lencois paulista,SP,45,7820.70,173.7933333333333333
sao mateus,ES,48,7785.35,162.1947916666666667
jacobina,BA,24,7766.10,323.5875000000000000
cosmopolis,SP,52,7751.95,149.0759615384615385
uba,MG,53,7733.99,145.9243396226415094
arapongas,PR,35,7663.43,218.9551428571428571
andradina,SP,43,7653.47,177.9876744186046512
itaguai,RJ,48,7537.00,157.0208333333333333
tupa,SP,53,7519.80,141.8830188679245283
paracambi,RJ,35,7516.23,214.7494285714285714
navegantes,SC,31,7500.85,241.9629032258064516
esteio,RS,41,7466.14,182.1009756097560976
cruzeiro,SP,56,7458.77,133.1923214285714286
alagoinhas,BA,40,7428.33,185.7082500000000000
valenca,BA,35,7406.42,211.6120000000000000
itapeva,SP,53,7406.06,139.7369811320754717
queimados,RJ,54,7380.40,136.6740740740740741
alvorada,RS,50,7368.62,147.3724000000000000
santarem,PA,44,7272.65,165.2875000000000000
sao miguel do oeste,SC,40,7241.39,181.0347500000000000
concordia,SC,50,7240.19,144.8038000000000000
itapema,SC,44,7233.42,164.3959090909090909
osorio,RS,35,7225.75,206.4500000000000000
cachoeira do sul,RS,32,7223.41,225.7315625000000000
mococa,SP,34,7108.56,209.0752941176470588
primavera do leste,MT,28,7092.91,253.3182142857142857
caucaia,CE,35,7092.72,202.6491428571428571
paulista,PE,41,7076.62,172.6004878048780488
embu-guacu,SP,46,7062.82,153.5395652173913043
guaxupe,MG,37,6967.00,188.2972972972972973
rolandia,PR,27,6955.90,257.6259259259259259
curvelo,MG,44,6946.28,157.8700000000000000
artur nogueira,SP,43,6882.04,160.0474418604651163
ijui,RS,52,6870.15,132.1182692307692308
sapucaia do sul,RS,40,6868.66,171.7165000000000000
ituiutaba,MG,56,6867.95,122.6419642857142857
maracanau,CE,35,6668.23,190.5208571428571429
olimpia,SP,38,6642.18,174.7942105263157895
umuarama,PR,41,6638.01,161.9026829268292683
lucas do rio verde,MT,24,6627.81,276.1587500000000000
barra do pirai,RJ,54,6619.02,122.5744444444444444
balsas,MA,17,6607.73,388.6900000000000000
vargem grande paulista,SP,44,6595.93,149.9075000000000000
santo angelo,RS,46,6578.63,143.0136956521739130
mossoro,RN,37,6573.53,177.6629729729729730
itumbiara,GO,36,6570.67,182.5186111111111111
mafra,SC,28,6551.24,233.9728571428571429
alfenas,MG,43,6539.45,152.0802325581395349
taio,SC,15,6475.80,431.7200000000000000
catalao,GO,34,6440.92,189.4388235294117647
valparaiso de goias,GO,37,6424.51,173.6354054054054054
arraial do cabo,RJ,29,6409.31,221.0106896551724138
altamira,PA,25,6399.82,255.9928000000000000
mirassol,SP,29,6383.33,220.1148275862068966
itabirito,MG,32,6373.71,199.1784375000000000
itupeva,SP,44,6323.22,143.7095454545454545
araucaria,PR,54,6255.87,115.8494444444444444
mongagua,SP,42,6232.17,148.3850000000000000
caldas novas,GO,36,6204.57,172.3491666666666667
gurupi,TO,24,6192.18,258.0075000000000000
sao bento do sul,SC,45,6189.45,137.5433333333333333
batatais,SP,28,6158.21,219.9360714285714286
adamantina,SP,36,6154.09,170.9469444444444444
santo antonio de padua,RJ,32,6152.73,192.2728125000000000
bebedouro,SP,51,6141.75,120.4264705882352941
guaiba,RS,31,6139.13,198.0364516129032258
formosa,GO,34,6124.12,180.1211764705882353
jequie,BA,36,6037.84,167.7177777777777778
uniao da vitoria,PR,29,6037.75,208.1982758620689655
guanambi,BA,38,6012.54,158.2247368421052632
arcos,MG,25,5989.36,239.5744000000000000
sao jose do rio pardo,SP,44,5971.05,135.7056818181818182
tucurui,PA,17,5931.75,348.9264705882352941
campo novo do parecis,MT,16,5915.78,369.7362500000000000
santa barbara,MG,26,5889.97,226.5373076923076923
saquarema,RJ,47,5878.12,125.0663829787234043
pedro leopoldo,MG,40,5875.05,146.8762500000000000
campo limpo paulista,SP,48,5841.24,121.6925000000000000
mandaguari,PR,18,5829.06,323.8366666666666667
bom despacho,MG,39,5724.88,146.7917948717948718
sao pedro da aldeia,RJ,46,5712.97,124.1950000000000000
uruguaiana,RS,48,5712.59,119.0122916666666667
rio do sul,SC,35,5695.14,162.7182857142857143
cianorte,PR,39,5691.55,145.9371794871794872
salinas,MG,22,5691.16,258.6890909090909091
japeri,RJ,34,5682.83,167.1420588235294118
corumba,MS,28,5671.02,202.5364285714285714
caceres,MT,25,5668.56,226.7424000000000000
montenegro,RS,32,5643.51,176.3596875000000000
capao da canoa,RS,38,5634.34,148.2721052631578947
parauapebas,PA,27,5634.15,208.6722222222222222
sao sebastiao do paraiso,MG,36,5628.89,156.3580555555555556
tres coracoes,MG,43,5628.39,130.8927906976744186
louveira,SP,44,5615.73,127.6302272727272727
armacao dos buzios,RJ,29,5612.87,193.5472413793103448
luziania,GO,33,5608.51,169.9548484848484848
santo antonio da patrulha,RS,17,5603.12,329.5952941176470588
penapolis,SP,37,5549.28,149.9805405405405405
telemaco borba,PR,35,5483.41,156.6688571428571429
cacador,SC,40,5469.62,136.7405000000000000
tremembe,SP,38,5462.70,143.7552631578947368
garanhuns,PE,31,5436.33,175.3654838709677419
piraju,SP,19,5430.97,285.8405263157894737
juina,MT,17,5417.13,318.6547058823529412
capivari,SP,35,5396.48,154.1851428571428571
santo antonio de posse,SP,20,5393.22,269.6610000000000000
alegrete,RS,36,5393.04,149.8066666666666667
vassouras,RJ,37,5336.56,144.2313513513513514
sabara,MG,42,5334.36,127.0085714285714286
aracruz,ES,41,5333.48,130.0848780487804878
itarare,SP,29,5320.22,183.4558620689655172
canoinhas,SC,27,5291.02,195.9637037037037037
ouro branco,MG,41,5283.79,128.8729268292682927
campo bom,RS,36,5283.34,146.7594444444444444
parnaiba,PI,23,5274.28,229.3165217391304348
cataguases,MG,33,5273.52,159.8036363636363636
dracena,SP,28,5268.27,188.1525000000000000
seropedica,RJ,33,5256.35,159.2833333333333333
extrema,MG,40,5251.99,131.2997500000000000
taquaritinga,SP,33,5237.07,158.6990909090909091
joacaba,SC,26,5233.09,201.2726923076923077
simoes filho,BA,21,5223.07,248.7176190476190476
mariana,MG,33,5218.88,158.1478787878787879
fazenda rio grande,PR,29,5204.96,179.4813793103448276
sao lourenco,MG,34,5199.97,152.9402941176470588
carangola,MG,27,5198.49,192.5366666666666667
passos,MG,43,5196.44,120.8474418604651163
nova odessa,SP,38,5162.07,135.8439473684210526
monte mor,SP,40,5146.17,128.6542500000000000
santo antonio de jesus,BA,30,5146.04,171.5346666666666667
tiete,SP,37,5112.72,138.1816216216216216
almirante tamandare,PR,35,5041.83,144.0522857142857143
formiga,MG,32,5033.34,157.2918750000000000
rio bonito,RJ,28,5013.79,179.0639285714285714
biguacu,SC,25,5011.45,200.4580000000000000
promissao,SP,32,4994.96,156.0925000000000000
coronel fabriciano,MG,41,4984.27,121.5675609756097561
ariquemes,RO,13,4969.64,382.2800000000000000
taquara,RS,21,4954.91,235.9480952380952381
barra do garcas,MT,25,4924.29,196.9716000000000000
bom jesus do galho,MG,4,4923.81,1230.9525000000000000
santana do livramento,RS,20,4911.30,245.5650000000000000
xanxere,SC,29,4906.49,169.1893103448275862
tangara da serra,MT,24,4870.22,202.9258333333333333
picos,PI,19,4815.69,253.4573684210526316
sao joaquim da barra,SP,33,4808.58,145.7145454545454545
patos,PB,16,4795.28,299.7050000000000000
camaragibe,PE,35,4762.90,136.0828571428571429
campo largo,PR,37,4725.21,127.7083783783783784
pereira barreto,SP,19,4723.13,248.5857894736842105
santa rita do sapucai,MG,35,4687.13,133.9180000000000000
barra bonita,SP,29,4682.95,161.4810344827586207
abaetetuba,PA,11,4672.27,424.7518181818181818
santa fe do sul,SP,35,4668.63,133.3894285714285714
maraba,PA,22,4661.78,211.8990909090909091
carmo do paranaiba,MG,16,4652.95,290.8093750000000000
ponta pora,MS,18,4652.16,258.4533333333333333
castanhal,PA,22,4640.18,210.9172727272727273
valenca,RJ,28,4639.80,165.7071428571428571
russas,CE,9,4622.34,513.5933333333333333
orlandia,SP,29,4617.02,159.2075862068965517
andradas,MG,12,4595.97,382.9975000000000000
cambe,PR,27,4559.06,168.8540740740740741
imbituba,SC,34,4546.44,133.7188235294117647
santa vitoria,MG,17,4546.18,267.4223529411764706
sapiranga,RS,26,4477.72,172.2200000000000000
pacatuba,CE,5,4469.86,893.9720000000000000
timbo,SC,20,4468.12,223.4060000000000000
piumhii,MG,28,4454.11,159.0753571428571429
ji-parana,RO,17,4435.13,260.8900000000000000
guaira,SP,36,4423.03,122.8619444444444444
ituverava,SP,30,4419.18,147.3060000000000000
miguel pereira,RJ,28,4409.54,157.4835714285714286
trindade,PE,4,4406.20,1101.5500000000000000
presidente venceslau,SP,26,4366.63,167.9473076923076923
monte alegre do sul,SP,6,4360.38,726.7300000000000000
castro,PR,22,4347.65,197.6204545454545455
mineiros,GO,26,4336.14,166.7746153846153846
dois irmaos,RS,18,4328.64,240.4800000000000000
marechal candido rondon,PR,31,4326.85,139.5758064516129032
guacui,ES,16,4311.75,269.4843750000000000
alvares machado,SP,8,4227.42,528.4275000000000000
teixeira de freitas,BA,29,4218.39,145.4617241379310345
aparecida,SP,25,4208.91,168.3564000000000000
iguatu,CE,14,4202.50,300.1785714285714286
ilhabela,SP,46,4180.38,90.8778260869565217
cicero dantas,BA,10,4156.38,415.6380000000000000
tijucas,SC,30,4144.17,138.1390000000000000
alta floresta,MT,12,4133.89,344.4908333333333333
frutal,MG,26,4116.67,158.3334615384615385
bom jesus do itabapoana,RJ,21,4091.46,194.8314285714285714
aguas de lindoia,SP,23,4084.18,177.5730434782608696
martinopolis,SP,8,4084.11,510.5137500000000000
posse,GO,17,4080.11,240.0064705882352941
catole do rocha,PB,6,4066.69,677.7816666666666667
panambi,RS,17,4059.15,238.7735294117647059
cerqueira cesar,SP,18,4059.12,225.5066666666666667
campo formoso,BA,10,4054.34,405.4340000000000000
indaial,SC,26,4052.06,155.8484615384615385
januaria,MG,22,4050.95,184.1340909090909091
laranjeiras do sul,PR,20,4039.17,201.9585000000000000
jales,SP,30,4031.92,134.3973333333333333
itapolis,SP,28,4026.78,143.8135714285714286
ibiuna,SP,31,4009.93,129.3525806451612903
sorriso,MT,20,4009.03,200.4515000000000000
sao luiz gonzaga,RS,15,4008.72,267.2480000000000000
trindade,GO,24,4007.41,166.9754166666666667
campos do jordao,SP,26,3997.02,153.7315384615384615
guapore,RS,18,3987.06,221.5033333333333333
casimiro de abreu,RJ,20,3963.31,198.1655000000000000
cruz alta,RS,33,3961.66,120.0503030303030303
viana,ES,21,3937.27,187.4890476190476190
pires do rio,GO,12,3930.03,327.5025000000000000
itabaiana,SE,16,3929.66,245.6037500000000000
ipanema,MG,7,3916.27,559.4671428571428571
sao pedro,SP,12,3903.33,325.2775000000000000
crato,CE,19,3895.83,205.0436842105263158
bacabal,MA,11,3883.50,353.0454545454545455
cerquilho,SP,30,3861.71,128.7236666666666667
gramado,RS,30,3822.95,127.4316666666666667
monte carmelo,MG,24,3819.48,159.1450000000000000
ipira,BA,8,3815.72,476.9650000000000000
ibiruba,RS,21,3806.43,181.2585714285714286
farroupilha,RS,28,3792.49,135.4460714285714286
camboriu,SC,28,3789.08,135.3242857142857143
cachoeira paulista,SP,25,3768.01,150.7204000000000000
espera feliz,MG,19,3751.42,197.4431578947368421
guararapes,SP,19,3750.05,197.3710526315789474
janauba,MG,17,3699.22,217.6011764705882353
jaguariaiva,PR,19,3692.11,194.3215789473684211
santa rosa,RS,33,3667.06,111.1230303030303030
claudio,MG,22,3664.07,166.5486363636363636
cambui,MG,22,3660.81,166.4004545454545455
sao manuel,SP,21,3655.87,174.0890476190476190
guapimirim,RJ,23,3644.91,158.4743478260869565
capao bonito,SP,28,3622.16,129.3628571428571429
medianeira,PR,23,3619.20,157.3565217391304348
congonhas,MG,30,3618.83,120.6276666666666667
cabo de santo agostinho,PE,21,3618.25,172.2976190476190476
valente,BA,9,3614.10,401.5666666666666667
nova xavantina,MT,10,3602.16,360.2160000000000000
quata,SP,13,3602.05,277.0807692307692308
alem paraiba,MG,29,3601.32,124.1834482758620690
serra negra,SP,14,3599.51,257.1078571428571429
aracati,CE,22,3596.25,163.4659090909090909
ituporanga,SC,15,3580.25,238.6833333333333333
garca,SP,28,3577.37,127.7632142857142857
estancia velha,RS,20,3563.85,178.1925000000000000
escada,PE,10,3556.70,355.6700000000000000
matinhos,PR,27,3538.83,131.0677777777777778
juquitiba,SP,21,3529.98,168.0942857142857143
porto feliz,SP,22,3521.90,160.0863636363636364
maracaju,MS,13,3511.21,270.0930769230769231
mandaguacu,PR,5,3503.45,700.6900000000000000
curitibanos,SC,21,3501.49,166.7376190476190476
rondon do para,PA,9,3484.38,387.1533333333333333
brumado,BA,22,3474.19,157.9177272727272727
macatuba,SP,12,3452.45,287.7041666666666667
paraiba do sul,RJ,18,3452.08,191.7822222222222222
pederneiras,SP,21,3450.01,164.2861904761904762
barrinha,SP,20,3439.57,171.9785000000000000
itapaje,CE,6,3425.08,570.8466666666666667
braco do norte,SC,20,3423.42,171.1710000000000000
santa cruz do capibaribe,PE,13,3409.19,262.2453846153846154
pedreira,SP,36,3391.29,94.2025000000000000
santa isabel,SP,30,3390.68,113.0226666666666667
trindade do sul,RS,4,3372.73,843.1825000000000000
ibitinga,SP,22,3368.45,153.1113636363636364
agua boa,MT,18,3358.86,186.6033333333333333
venancio aires,RS,26,3352.84,128.9553846153846154
mairinque,SP,25,3346.70,133.8680000000000000
alto do rodrigues,RN,8,3346.70,418.3375000000000000
santa cruz do rio pardo,SP,35,3343.17,95.5191428571428571
porto uniao,SC,14,3329.43,237.8164285714285714
garopaba,SC,23,3326.72,144.6400000000000000
buritizeiro,MG,9,3315.51,368.3900000000000000
quissama,RJ,13,3309.22,254.5553846153846154
santo amaro da imperatriz,SC,12,3296.05,274.6708333333333333
tramandai,RS,25,3289.92,131.5968000000000000
monte azul paulista,SP,19,3287.10,173.0052631578947368
castilho,SP,11,3279.99,298.1809090909090909
monte alto,SP,34,3275.56,96.3400000000000000
marataizes,ES,16,3274.31,204.6443750000000000
alegre,ES,17,3265.01,192.0594117647058824
canela,RS,18,3264.14,181.3411111111111111
piedade,SP,23,3261.85,141.8195652173913043
petrolandia,PE,10,3260.45,326.0450000000000000
sao joao nepomuceno,MG,15,3254.82,216.9880000000000000
paraty,RJ,19,3249.86,171.0452631578947368
senhor do bonfim,BA,19,3241.65,170.6131578947368421
holambra,SP,24,3234.42,134.7675000000000000
ibotirama,BA,7,3233.20,461.8857142857142857
caico,RN,10,3215.31,321.5310000000000000
almenara,MG,14,3212.33,229.4521428571428571
novo horizonte,SP,17,3210.62,188.8600000000000000
encantado,RS,11,3196.45,290.5863636363636364
fraiburgo,SC,15,3189.80,212.6533333333333333
cunha,SP,15,3188.41,212.5606666666666667
piracaia,SP,22,3184.79,144.7631818181818182
machado,MG,21,3182.80,151.5619047619047619
pau dos ferros,RN,9,3176.81,352.9788888888888889
quixada,CE,12,3176.57,264.7141666666666667
venda nova do imigrante,ES,15,3171.23,211.4153333333333333
itapetinga,BA,18,3169.50,176.0833333333333333
codo,MA,8,3163.98,395.4975000000000000
estancia,SE,9,3157.95,350.8833333333333333
bom jesus da lapa,BA,9,3153.69,350.4100000000000000
floriano,PI,18,3145.51,174.7505555555555556
caete,MG,27,3144.06,116.4466666666666667
jacutinga,MG,18,3136.24,174.2355555555555556
marialva,PR,16,3115.02,194.6887500000000000
rancharia,SP,22,3113.00,141.5000000000000000
carlos barbosa,RS,20,3108.20,155.4100000000000000
imbe,RS,13,3105.67,238.8976923076923077
taiobeiras,MG,13,3103.80,238.7538461538461538
oliveira,MG,22,3102.97,141.0440909090909091
cordeiro,RJ,24,3098.43,129.1012500000000000
parati,RJ,13,3088.59,237.5838461538461538
dias d'avila,BA,24,3085.76,128.5733333333333333
natividade,RJ,15,3081.95,205.4633333333333333
ipero,SP,18,3079.80,171.1000000000000000
sao gotardo,MG,20,3078.92,153.9460000000000000
santana do paraiso,MG,16,3077.73,192.3581250000000000
vilhena,RO,18,3076.53,170.9183333333333333
bariri,SP,15,3075.22,205.0146666666666667
pirapora do bom jesus,SP,16,3067.54,191.7212500000000000
paraguacu paulista,SP,20,3067.31,153.3655000000000000
pitangui,MG,22,3064.20,139.2818181818181818
capelinha,MG,20,3052.35,152.6175000000000000
vacaria,RS,23,3048.71,132.5526086956521739
salgueiro,PE,17,3044.75,179.1029411764705882
presidente epitacio,SP,23,3014.15,131.0500000000000000
sao gabriel,RS,24,3003.40,125.1416666666666667
dois vizinhos,PR,28,3000.90,107.1750000000000000
irati,PR,22,2994.16,136.0981818181818182
vitoria de santo antao,PE,15,2988.47,199.2313333333333333
sao raimundo nonato,PI,7,2987.04,426.7200000000000000
itapiranga,SC,12,2985.99,248.8325000000000000
paragominas,PA,19,2979.18,156.7989473684210526
ouro fino,MG,16,2978.22,186.1387500000000000
santiago,RS,26,2974.70,114.4115384615384615
coromandel,MG,25,2956.71,118.2684000000000000
nova venecia,ES,19,2956.59,155.6100000000000000
feliz,RS,14,2947.85,210.5607142857142857
espinosa,MG,6,2947.44,491.2400000000000000
colider,MT,8,2943.95,367.9937500000000000
taquarituba,SP,16,2942.60,183.9125000000000000
redencao,CE,5,2941.30,588.2600000000000000
nanuque,MG,25,2920.75,116.8300000000000000
diamantina,MG,27,2907.93,107.7011111111111111
araripina,PE,12,2888.55,240.7125000000000000
veranopolis,RS,18,2878.08,159.8933333333333333
abreu e lima,PE,11,2871.92,261.0836363636363636
monte siao,MG,20,2866.44,143.3220000000000000
pacaja,PA,6,2860.96,476.8266666666666667
icara,SC,21,2850.90,135.7571428571428571
bonfim paulista,SP,18,2850.17,158.3427777777777778
missal,PR,7,2838.99,405.5700000000000000
cravinhos,SP,24,2838.32,118.2633333333333333
barra de sao joao,RJ,13,2835.38,218.1061538461538462
tapiratiba,SP,12,2835.28,236.2733333333333333
iguaba grande,RJ,19,2829.65,148.9289473684210526
manhumirim,MG,16,2817.53,176.0956250000000000
joao pinheiro,MG,16,2814.03,175.8768750000000000
nossa senhora do socorro,SE,14,2809.56,200.6828571428571429
santa juliana,MG,9,2803.54,311.5044444444444444
araujos,MG,6,2796.36,466.0600000000000000
brumadinho,MG,26,2795.25,107.5096153846153846
aguas lindas de goias,GO,24,2788.80,116.2000000000000000
ararangua,SC,18,2786.74,154.8188888888888889
crateus,CE,9,2779.40,308.8222222222222222
aparecida do taboado,MS,7,2768.61,395.5157142857142857
inhumas,GO,16,2733.51,170.8443750000000000
tiangua,CE,9,2732.68,303.6311111111111111
ouricuri,PE,8,2730.73,341.3412500000000000
presidente dutra,MA,12,2729.75,227.4791666666666667
eusebio,CE,13,2707.57,208.2746153846153846
cornelio procopio,PR,24,2705.58,112.7325000000000000
querencia,MT,10,2701.95,270.1950000000000000
laguna,SC,14,2696.25,192.5892857142857143
ilha solteira,SP,24,2694.73,112.2804166666666667
americo brasiliense,SP,17,2688.89,158.1700000000000000
rio grande da serra,SP,26,2681.59,103.1380769230769231
tres pontas,MG,20,2671.83,133.5915000000000000
irece,BA,13,2660.91,204.6853846153846154
goiatuba,GO,10,2648.12,264.8120000000000000
ipameri,GO,13,2641.99,203.2300000000000000
socorro,SP,19,2640.22,138.9589473684210526
pitangueiras,SP,18,2635.20,146.4000000000000000
guarani,MG,7,2634.31,376.3300000000000000
porto ferreira,SP,28,2633.59,94.0567857142857143
marau,RS,22,2631.98,119.6354545454545455
serra talhada,PE,10,2625.95,262.5950000000000000
pirai,RJ,16,2624.45,164.0281250000000000
penha,SC,17,2621.68,154.2164705882352941
itaporanga,SP,12,2621.13,218.4275000000000000
sao borja,RS,18,2616.89,145.3827777777777778
piratininga,SP,9,2614.56,290.5066666666666667
riachao do jacuipe,BA,5,2613.59,522.7180000000000000
caxias,MA,16,2604.15,162.7593750000000000
carpina,PE,10,2600.23,260.0230000000000000
teotonio vilela,AL,8,2599.38,324.9225000000000000
cajazeiras,PB,12,2599.05,216.5875000000000000
paty do alferes,RJ,13,2597.71,199.8238461538461538
sao fidelis,RJ,23,2597.42,112.9313043478260870
piuma,ES,17,2590.17,152.3629411764705882
goianesia,GO,18,2588.72,143.8177777777777778
laranjal paulista,SP,17,2583.82,151.9894117647058824
estrela,RS,16,2583.69,161.4806250000000000
sao sebastiao do cai,RS,13,2580.70,198.5153846153846154
paranatinga,MT,2,2574.32,1287.1600000000000000
nova era,MG,15,2565.16,171.0106666666666667
carazinho,RS,24,2562.50,106.7708333333333333
santos dumont,MG,22,2559.58,116.3445454545454545
bambui,MG,18,2558.68,142.1488888888888889
sao joao da barra,RJ,15,2548.11,169.8740000000000000
lapa,PR,15,2535.01,169.0006666666666667
pinheiral,RJ,14,2529.38,180.6700000000000000
nova andradina,MS,11,2527.55,229.7772727272727273
cacoal,RO,13,2521.83,193.9869230769230769
aguai,SP,10,2509.95,250.9950000000000000
junqueiropolis,SP,15,2505.96,167.0640000000000000
comodoro,MT,7,2504.28,357.7542857142857143
gravata,PE,11,2494.02,226.7290909090909091
matias barbosa,MG,13,2489.66,191.5123076923076923
cruz das almas,BA,18,2486.57,138.1427777777777778
serrinha,BA,15,2481.60,165.4400000000000000
viradouro,SP,18,2480.93,137.8294444444444444
santa rita do passa quatro,SP,18,2479.13,137.7294444444444444
bom jardim,RJ,14,2474.68,176.7628571428571429
quarai,RS,4,2474.15,618.5375000000000000
rio negro,PR,15,2472.91,164.8606666666666667
conchal,SP,19,2464.88,129.7305263157894737
espirito santo do pinhal,SP,18,2464.28,136.9044444444444444
taquaritinga do norte,PE,7,2461.90,351.7000000000000000
paraisopolis,MG,15,2453.22,163.5480000000000000
sao lourenco do sul,RS,14,2453.15,175.2250000000000000
barao de cocais,MG,18,2452.94,136.2744444444444444
bofete,SP,6,2441.59,406.9316666666666667
sarandi,PR,19,2441.11,128.4794736842105263
varzea da palma,MG,11,2440.97,221.9063636363636364
campos novos,SC,14,2438.37,174.1692857142857143
novo progresso,PA,5,2436.08,487.2160000000000000
igarassu,PE,13,2420.73,186.2100000000000000
nucleo residencial pilar,BA,8,2417.94,302.2425000000000000
palmeira,PR,13,2417.43,185.9561538461538462
cruzeiro do sul,RS,4,2410.37,602.5925000000000000
novo gama,GO,16,2410.24,150.6400000000000000
conselheiro pena,MG,15,2393.18,159.5453333333333333
anchieta,ES,14,2387.85,170.5607142857142857
mucuri,BA,7,2385.99,340.8557142857142857
camanducaia,MG,9,2381.76,264.6400000000000000
ipora,GO,15,2362.54,157.5026666666666667
lagarto,SE,11,2362.35,214.7590909090909091
palmas,PR,19,2359.92,124.2063157894736842
cachoeiras de macacu,RJ,21,2359.41,112.3528571428571429
sacramento,MG,13,2358.54,181.4261538461538462
ico,CE,8,2355.35,294.4187500000000000
tres de maio,RS,12,2334.85,194.5708333333333333
pianco,PB,1,2324.99,2324.9900000000000000
igarape,MG,11,2315.96,210.5418181818181818
santo antonio do monte,MG,15,2315.53,154.3686666666666667
guanhaes,MG,18,2313.75,128.5416666666666667
navirai,MS,8,2313.24,289.1550000000000000
sanharo,PE,3,2310.00,770.0000000000000000
uruacu,GO,17,2307.27,135.7217647058823529
bombinhas,SC,15,2305.30,153.6866666666666667
caetite,BA,10,2300.45,230.0450000000000000
cantagalo,RJ,17,2289.85,134.6970588235294118
antonina,PR,10,2285.40,228.5400000000000000
sao mateus do sul,PR,15,2284.52,152.3013333333333333
cambuci,RJ,8,2279.92,284.9900000000000000
cristalina,GO,8,2275.49,284.4362500000000000
sao sebastiao,AL,1,2269.98,2269.9800000000000000
pirai do sul,PR,7,2269.97,324.2814285714285714
miguelopolis,SP,14,2265.50,161.8214285714285714
visconde do rio branco,MG,19,2265.15,119.2184210526315789
tailandia,PA,4,2256.46,564.1150000000000000
pompeia,SP,17,2252.95,132.5264705882352941
nova esperanca do piria,PA,1,2252.66,2252.6600000000000000
caxambu,MG,17,2245.96,132.1152941176470588
timon,MA,15,2242.63,149.5086666666666667
santo anastacio,SP,17,2240.33,131.7841176470588235
paraiso do tocantins,TO,10,2238.86,223.8860000000000000
cedro de sao joao,SE,3,2235.98,745.3266666666666667
santa maria de jetiba,ES,15,2231.06,148.7373333333333333
barra velha,SC,16,2228.51,139.2818750000000000
campo belo,MG,21,2218.31,105.6338095238095238
piracanjuba,GO,10,2211.40,221.1400000000000000
pombal,PB,6,2210.20,368.3666666666666667
cesario lange,SP,13,2209.06,169.9276923076923077
mirassol d'oeste,MT,14,2207.23,157.6592857142857143
itanhandu,MG,14,2201.84,157.2742857142857143
goioere,PR,11,2191.01,199.1827272727272727
santa maria da vitoria,BA,13,2185.07,168.0823076923076923
cocal do sul,SC,4,2182.24,545.5600000000000000
triunfo,RS,11,2180.86,198.2600000000000000
lagoa grande,MG,4,2175.77,543.9425000000000000
esplanada,BA,6,2167.28,361.2133333333333333
morro agudo,SP,10,2163.53,216.3530000000000000
porangatu,GO,13,2162.74,166.3646153846153846
santa rosa de viterbo,SP,14,2159.19,154.2278571428571429
belo jardim,PE,12,2157.69,179.8075000000000000
jandaia do sul,PR,8,2156.75,269.5937500000000000
cafelandia,PR,13,2141.50,164.7307692307692308
maragogi,AL,5,2135.53,427.1060000000000000
eldorado do sul,RS,15,2127.04,141.8026666666666667
charqueadas,RS,17,2125.02,125.0011764705882353
osvaldo cruz,SP,16,2124.36,132.7725000000000000
nova granada,SP,19,2122.45,111.7078947368421053
palmital,SP,18,2122.03,117.8905555555555556
ceres,GO,7,2116.38,302.3400000000000000
esperanca,PB,6,2108.09,351.3483333333333333
engenheiro navarro,MG,1,2106.55,2106.5500000000000000
fartura,SP,10,2106.41,210.6410000000000000
cajati,SP,16,2100.69,131.2931250000000000
ipua,SP,4,2096.16,524.0400000000000000
passa quatro,MG,10,2092.36,209.2360000000000000
casa nova,BA,7,2092.32,298.9028571428571429
niquelandia,GO,14,2085.86,148.9900000000000000
bom jesus dos perdoes,SP,18,2083.93,115.7738888888888889
sao joao batista,SC,10,2080.58,208.0580000000000000
quatro barras,PR,18,2079.83,115.5461111111111111
parnamirim,PE,4,2079.47,519.8675000000000000
camocim,CE,8,2078.27,259.7837500000000000
eloi mendes,MG,10,2077.95,207.7950000000000000
buritis,MG,14,2075.62,148.2585714285714286
santo amaro,BA,10,2066.74,206.6740000000000000
agrestina,PE,1,2066.34,2066.3400000000000000
pariquera-acu,SP,15,2065.21,137.6806666666666667
iturama,MG,15,2064.08,137.6053333333333333
santa vitoria do palmar,RS,12,2049.67,170.8058333333333333
esmeraldas,MG,14,2043.24,145.9457142857142857
sape,PB,2,2042.83,1021.4150000000000000
loanda,PR,13,2042.79,157.1376923076923077
itaocara,RJ,16,2042.50,127.6562500000000000
leopoldina,MG,17,2038.21,119.8947058823529412
camaqua,RS,13,2037.22,156.7092307692307692
itamarandiba,MG,8,2036.27,254.5337500000000000
conceicao de macabu,RJ,13,2035.17,156.5515384615384615
pinhalao,PR,7,2032.35,290.3357142857142857
auriflama,SP,10,2029.77,202.9770000000000000
mangueirinha,PR,9,2022.94,224.7711111111111111
miracema,RJ,19,2021.97,106.4194736842105263
redencao,PA,13,2017.54,155.1953846153846154
guaratuba,PR,9,2017.31,224.1455555555555556
paranaita,MT,4,2016.47,504.1175000000000000
sao francisco do sul,SC,17,2012.77,118.3982352941176471
bandeirantes,PR,13,2005.85,154.2961538461538462
canaa dos carajas,PA,9,1991.36,221.2622222222222222
castelo,ES,18,1990.94,110.6077777777777778
ampere,PR,9,1985.95,220.6611111111111111
parobe,RS,12,1985.07,165.4225000000000000
itaguacu,ES,7,1972.99,281.8557142857142857
pontes e lacerda,MT,9,1972.90,219.2111111111111111
sao joao do piaui,PI,6,1972.72,328.7866666666666667
itai,SP,10,1972.66,197.2660000000000000
carmo do rio claro,MG,9,1969.53,218.8366666666666667
sao joaquim de bicas,MG,8,1965.51,245.6887500000000000
alto paraiso de goias,GO,9,1963.35,218.1500000000000000
santa ines,MA,12,1956.91,163.0758333333333333
alvorada,TO,6,1954.44,325.7400000000000000
aperibe,RJ,13,1953.69,150.2838461538461538
brejo santo,CE,10,1949.35,194.9350000000000000
faxinal dos guedes,SC,11,1948.77,177.1609090909090909
piraquara,PR,14,1947.24,139.0885714285714286
abaete,MG,12,1946.81,162.2341666666666667
mantena,MG,11,1946.55,176.9590909090909091
lagoa da prata,MG,11,1945.70,176.8818181818181818
ipojuca,PE,17,1945.20,114.4235294117647059
ibate,SP,13,1944.12,149.5476923076923077
palmeira das missoes,RS,16,1943.52,121.4700000000000000
bocaiuva,MG,13,1943.22,149.4784615384615385
catende,PE,7,1941.68,277.3828571428571429
paranaiba,MS,15,1937.59,129.1726666666666667
ourilandia do norte,PA,5,1934.35,386.8700000000000000
cangucu,RS,15,1932.59,128.8393333333333333
carmo do cajuru,MG,10,1932.42,193.2420000000000000
xaxim,SC,10,1928.25,192.8250000000000000
morro da fumaca,SC,7,1921.45,274.4928571428571429
santa fe de goias,GO,4,1921.27,480.3175000000000000
itajobi,SP,10,1915.73,191.5730000000000000
ronda alta,RS,6,1914.31,319.0516666666666667
chapadao do sul,MS,14,1913.41,136.6721428571428571
porto nacional,TO,8,1911.38,238.9225000000000000
camamu,BA,9,1897.51,210.8344444444444444
itamaraju,BA,12,1883.32,156.9433333333333333
lagoa vermelha,RS,14,1883.04,134.5028571428571429
itatiaia,RJ,18,1882.29,104.5716666666666667
sao gabriel da palha,ES,14,1874.73,133.9092857142857143
sao jose de ribamar,MA,14,1870.87,133.6335714285714286
taquari,RS,11,1870.86,170.0781818181818182
mariental,PR,1,1867.85,1867.8500000000000000
montanha,ES,10,1862.77,186.2770000000000000
santa adelia,SP,15,1861.06,124.0706666666666667
paraguacu,MG,13,1857.10,142.8538461538461538
coxim,MS,11,1854.62,168.6018181818181818
campos sales,CE,4,1853.78,463.4450000000000000
tambau,SP,20,1853.45,92.6725000000000000
jardinopolis,SP,13,1851.48,142.4215384615384615
bom conselho,PE,7,1848.32,264.0457142857142857
jacunda,PA,6,1844.82,307.4700000000000000
sidrolandia,MS,11,1842.53,167.5027272727272727
nova russas,CE,7,1842.03,263.1471428571428571
carmo,RJ,13,1839.51,141.5007692307692308
torres,RS,17,1833.32,107.8423529411764706
itatinga,SP,4,1832.10,458.0250000000000000
corrente,PI,4,1831.15,457.7875000000000000
caconde,SP,10,1829.57,182.9570000000000000
gameleira,PE,4,1827.12,456.7800000000000000
teutonia,RS,14,1826.22,130.4442857142857143
candido mota,SP,16,1824.10,114.0062500000000000
beberibe,CE,3,1823.91,607.9700000000000000
pojuca,BA,13,1820.78,140.0600000000000000
sao francisco de itabapoana,RJ,15,1816.41,121.0940000000000000
santa rita,PB,7,1815.86,259.4085714285714286
balneario picarras,SC,10,1815.30,181.5300000000000000
ibia,MG,9,1811.61,201.2900000000000000
paraibuna,SP,10,1810.75,181.0750000000000000
guariba,SP,14,1810.72,129.3371428571428571
limoeiro do norte,CE,12,1806.86,150.5716666666666667
ipueiras,CE,3,1805.78,601.9266666666666667
quatro bocas,PA,5,1804.79,360.9580000000000000
morrinhos,GO,14,1804.72,128.9085714285714286
pomerode,SC,9,1797.55,199.7277777777777778
nova olinda,CE,3,1792.93,597.6433333333333333
senador canedo,GO,16,1790.29,111.8931250000000000
quirinopolis,GO,14,1789.80,127.8428571428571429
pirajui,SP,12,1789.32,149.1100000000000000
minacu,GO,11,1787.83,162.5300000000000000
vazante,MG,6,1780.31,296.7183333333333333
santo amaro de campos,RJ,6,1777.56,296.2600000000000000
sao felix do xingu,PA,8,1774.08,221.7600000000000000
cruz,CE,7,1772.56,253.2228571428571429
santana do jacare,MG,4,1769.22,442.3050000000000000
currais novos,RN,8,1769.09,221.1362500000000000
boa esperanca,MG,11,1769.00,160.8181818181818182
afonso claudio,ES,11,1767.92,160.7200000000000000
jarinu,SP,19,1767.06,93.0031578947368421
catu,BA,10,1763.24,176.3240000000000000
itapipoca,CE,11,1761.25,160.1136363636363636
nova esperanca,PR,8,1760.46,220.0575000000000000
imbuia,SC,4,1759.81,439.9525000000000000
carmopolis de minas,MG,5,1756.72,351.3440000000000000
vitorino freire,MA,3,1744.37,581.4566666666666667
bezerros,PE,11,1739.95,158.1772727272727273
jacarezinho,PR,17,1738.60,102.2705882352941176
guaramirim,SC,13,1736.26,133.5584615384615385
santa helena de goias,GO,9,1733.68,192.6311111111111111
flores da cunha,RS,12,1732.57,144.3808333333333333
ibatiba,ES,9,1724.60,191.6222222222222222
nova olinda do maranhao,MA,4,1724.33,431.0825000000000000
mostardas,RS,11,1720.33,156.3936363636363636
embu,SP,11,1719.66,156.3327272727272727
reginopolis,SP,3,1719.32,573.1066666666666667
entre rios de minas,MG,7,1709.62,244.2314285714285714
dom pedrito,RS,10,1708.09,170.8090000000000000
cordeiropolis,SP,16,1705.29,106.5806250000000000
sao bento do una,PE,5,1702.22,340.4440000000000000
malacacheta,MG,7,1702.21,243.1728571428571429
aracoiaba da serra,SP,11,1701.76,154.7054545454545455
marituba,PA,15,1699.50,113.3000000000000000
buenopolis,MG,5,1698.09,339.6180000000000000
lambari,MG,8,1692.91,211.6137500000000000
piranguinho,MG,9,1689.85,187.7611111111111111
andira,PR,11,1688.59,153.5081818181818182
toropi,RS,3,1682.98,560.9933333333333333
palmares,PE,9,1682.92,186.9911111111111111
pimenta bueno,RO,8,1682.01,210.2512500000000000
correia pinto,SC,11,1680.18,152.7436363636363636
mata de sao joao,BA,12,1679.07,139.9225000000000000
cassilandia,MS,5,1677.59,335.5180000000000000
cabedelo,PB,7,1677.57,239.6528571428571429
bastos,SP,17,1673.94,98.4670588235294118
crissiumal,RS,2,1671.30,835.6500000000000000
queimadas,PB,5,1670.94,334.1880000000000000
mata verde,MG,6,1667.51,277.9183333333333333
jose bonifacio,SP,12,1666.93,138.9108333333333333
tanabi,SP,11,1666.88,151.5345454545454545
siqueira campos,PR,9,1663.61,184.8455555555555556
itauba,MT,5,1661.97,332.3940000000000000
sao lourenco da mata,PE,12,1660.20,138.3500000000000000
costa marques,RO,2,1658.28,829.1400000000000000
simonesia,MG,9,1657.65,184.1833333333333333
barreiros,PE,6,1653.70,275.6166666666666667
uruana,GO,4,1650.85,412.7125000000000000
arroio do meio,RS,10,1648.17,164.8170000000000000
garuva,SC,5,1647.66,329.5320000000000000
porto real,RJ,7,1645.92,235.1314285714285714
tupaciguara,MG,13,1645.37,126.5669230769230769
loreto,MA,1,1643.64,1643.6400000000000000
guarabira,PB,10,1642.86,164.2860000000000000
conceicao das alagoas,MG,3,1641.40,547.1333333333333333
acarau,CE,8,1639.94,204.9925000000000000
nova ponte,MG,9,1638.54,182.0600000000000000
vila valerio,ES,8,1632.29,204.0362500000000000
casca,RS,7,1628.94,232.7057142857142857
formosa do rio preto,BA,3,1628.16,542.7200000000000000
jaguare,ES,14,1618.38,115.5985714285714286
orleans,SC,8,1617.67,202.2087500000000000
baixo guandu,ES,8,1617.17,202.1462500000000000
sao joao dos patos,MA,7,1615.47,230.7814285714285714
iguape,SP,14,1615.20,115.3714285714285714
divino,MG,14,1611.72,115.1228571428571429
xinguara,PA,9,1608.51,178.7233333333333333
conceicao do mato dentro,MG,12,1606.34,133.8616666666666667
itapecerica,MG,13,1603.68,123.3600000000000000
lauro muller,SC,8,1597.19,199.6487500000000000
afogados da ingazeira,PE,8,1596.39,199.5487500000000000
jequitinhonha,MG,11,1595.86,145.0781818181818182
pacaembu,SP,6,1595.07,265.8450000000000000
marilandia,ES,8,1593.22,199.1525000000000000
penedo,AL,8,1592.67,199.0837500000000000
ibipora,PR,12,1590.83,132.5691666666666667
mutum,MG,8,1589.87,198.7337500000000000
bom retiro do sul,RS,3,1588.84,529.6133333333333333
aracuai,MG,9,1588.78,176.5311111111111111
periquito,MG,2,1588.10,794.0500000000000000
baependi,MG,8,1587.39,198.4237500000000000
ipaba,MG,8,1585.26,198.1575000000000000
pirapozinho,SP,14,1582.47,113.0335714285714286
igrejinha,RS,17,1581.64,93.0376470588235294
aguas formosas,MG,5,1580.57,316.1140000000000000
biritiba-mirim,SP,10,1579.77,157.9770000000000000
barroso,MG,11,1575.52,143.2290909090909091
morada nova,CE,9,1571.60,174.6222222222222222
candeias,BA,13,1565.65,120.4346153846153846
santana do acarau,CE,4,1563.58,390.8950000000000000
girua,RS,10,1560.97,156.0970000000000000
altos,PI,5,1560.87,312.1740000000000000
vargem grande do sul,SP,14,1560.05,111.4321428571428571
italva,RJ,14,1556.26,111.1614285714285714
itaiopolis,SC,8,1555.42,194.4275000000000000
sao miguel arcanjo,SP,13,1554.39,119.5684615384615385
corinto,MG,11,1545.63,140.5118181818181818
chapada,RS,4,1545.33,386.3325000000000000
santo antonio da platina,PR,12,1544.84,128.7366666666666667
santana,AP,9,1543.94,171.5488888888888889
nova prata,RS,16,1541.25,96.3281250000000000
pinhalzinho,SP,12,1537.96,128.1633333333333333
fatima do sul,MS,4,1536.86,384.2150000000000000
saloa,PE,3,1536.08,512.0266666666666667
mirandopolis,SP,13,1535.41,118.1084615384615385
tabapua,SP,12,1535.21,127.9341666666666667
ibitita,BA,1,1534.58,1534.5800000000000000
iracemapolis,SP,18,1532.50,85.1388888888888889
campinas do sul,RS,6,1531.24,255.2066666666666667
sao jose do vale do rio preto,RJ,12,1527.66,127.3050000000000000
boa esperanca,RJ,1,1527.51,1527.5100000000000000
sao luis de montes belos,GO,8,1524.13,190.5162500000000000
itabera,SP,7,1522.98,217.5685714285714286
itaqui,RS,9,1522.33,169.1477777777777778
bocaina,SP,6,1520.62,253.4366666666666667
pacajus,CE,6,1520.00,253.3333333333333333
sao miguel do araguaia,GO,5,1518.03,303.6060000000000000
santa gertrudes,SP,12,1516.74,126.3950000000000000
barbalha,CE,6,1515.41,252.5683333333333333
sao miguel do guama,PA,5,1514.40,302.8800000000000000
buerarema,BA,4,1510.32,377.5800000000000000
mendes,RJ,12,1509.99,125.8325000000000000
astolfo dutra,MG,11,1509.69,137.2445454545454545
agudos,SP,16,1508.95,94.3093750000000000
ivoti,RS,13,1507.43,115.9561538461538462
pontal,SP,13,1506.63,115.8946153846153846
sombrio,SC,11,1506.61,136.9645454545454545
altinopolis,SP,4,1506.04,376.5100000000000000
tres passos,RS,11,1503.72,136.7018181818181818
guadalupe,PI,4,1502.76,375.6900000000000000
aluminio,SP,13,1500.64,115.4338461538461538
casa branca,SP,13,1500.45,115.4192307692307692
parelhas,RN,4,1496.80,374.2000000000000000
conceicao do araguaia,PA,7,1494.60,213.5142857142857143
arroio do sal,RS,8,1490.20,186.2750000000000000
apiuna,SC,7,1484.80,212.1142857142857143
divinolandia,SP,7,1482.90,211.8428571428571429
alcobaca,BA,4,1481.90,370.4750000000000000
sao goncalo do sapucai,MG,10,1480.84,148.0840000000000000
espumoso,RS,7,1480.46,211.4942857142857143
tapiramuta,BA,2,1476.90,738.4500000000000000
upanema,RN,3,1476.25,492.0833333333333333
teodoro sampaio,SP,12,1473.91,122.8258333333333333
capinzal,SC,10,1469.23,146.9230000000000000
sao miguel do iguacu,PR,10,1468.23,146.8230000000000000
forquilhinha,SC,13,1468.18,112.9369230769230769
coaraci,BA,4,1468.12,367.0300000000000000
santana do araguaia,PA,3,1467.91,489.3033333333333333
turmalina,MG,9,1467.05,163.0055555555555556
joao camara,RN,2,1466.81,733.4050000000000000
rio pomba,MG,6,1464.86,244.1433333333333333
dores de campos,MG,8,1464.19,183.0237500000000000
neropolis,GO,7,1464.02,209.1457142857142857
palmeira dos indios,AL,8,1463.46,182.9325000000000000
guarai,TO,4,1459.37,364.8425000000000000
botelhos,MG,8,1456.47,182.0587500000000000
duartina,SP,10,1453.30,145.3300000000000000
caarapo,MS,4,1447.93,361.9825000000000000
celso ramos,SC,2,1440.96,720.4800000000000000
descalvado,SP,13,1439.57,110.7361538461538462
sao simao,SP,10,1439.29,143.9290000000000000
ouroeste,SP,11,1437.57,130.6881818181818182
braganca,PA,9,1437.27,159.6966666666666667
papucaia,RJ,10,1435.70,143.5700000000000000
bonfinopolis de minas,MG,2,1433.75,716.8750000000000000
sao francisco,MG,12,1431.70,119.3083333333333333
itapui,SP,7,1430.89,204.4128571428571429
ibirama,SC,13,1429.20,109.9384615384615385
assis chateaubriand,PR,12,1426.30,118.8583333333333333
areado,MG,7,1425.55,203.6500000000000000
gravatal,SC,6,1418.28,236.3800000000000000
cedral,MA,3,1416.52,472.1733333333333333
ubajara,CE,3,1414.63,471.5433333333333333
cocal,PI,8,1413.88,176.7350000000000000
realeza,PR,6,1412.76,235.4600000000000000
ipaussu,SP,7,1409.26,201.3228571428571429
fronteiras,PI,3,1408.84,469.6133333333333333
conchas,SP,10,1408.56,140.8560000000000000
primeiro de maio,PR,7,1407.61,201.0871428571428571
mamanguape,PB,6,1406.47,234.4116666666666667
dois corregos,SP,11,1402.59,127.5081818181818182
campinorte,GO,7,1400.61,200.0871428571428571
bonito,PE,5,1398.84,279.7680000000000000
vera cruz,BA,7,1394.82,199.2600000000000000
campestre da serra,RS,2,1390.06,695.0300000000000000
goitacazes,RJ,11,1388.24,126.2036363636363636
herval d'oeste,SC,9,1386.93,154.1033333333333333
santo augusto,RS,9,1386.88,154.0977777777777778
carandai,MG,11,1386.44,126.0400000000000000
balsamo,SP,6,1383.48,230.5800000000000000
perdizes,MG,8,1382.50,172.8125000000000000
campina grande do sul,PR,10,1382.49,138.2490000000000000
rio negrinho,SC,13,1381.73,106.2869230769230769
itariri,SP,6,1378.73,229.7883333333333333
silvania,GO,7,1373.15,196.1642857142857143
pirpirituba,PB,1,1372.25,1372.2500000000000000
confresa,MT,7,1371.62,195.9457142857142857
guararema,SP,11,1370.41,124.5827272727272727
areal,RJ,7,1364.63,194.9471428571428571
tapejara,RS,9,1364.49,151.6100000000000000
tucuma,PA,4,1362.99,340.7475000000000000
coruripe,AL,3,1359.09,453.0300000000000000
raul soares,MG,12,1357.77,113.1475000000000000
sao lourenco da serra,SP,12,1357.03,113.0858333333333333
schroeder,SC,9,1356.76,150.7511111111111111
sousa,PB,7,1356.43,193.7757142857142857
canarana,MT,10,1356.31,135.6310000000000000
barra do corda,MA,7,1354.34,193.4771428571428571
delmiro gouveia,AL,4,1353.71,338.4275000000000000
domingos martins,ES,9,1353.63,150.4033333333333333
sao joao evangelista,MG,7,1353.08,193.2971428571428571
barao ataliba nogueira,SP,1,1351.51,1351.5100000000000000
aripuana,MT,8,1348.38,168.5475000000000000
inhambupe,BA,7,1346.98,192.4257142857142857
pirangi,SP,8,1346.43,168.3037500000000000
parapua,SP,8,1345.83,168.2287500000000000
maracai,SP,8,1345.60,168.2000000000000000
chapadao do ceu,GO,8,1343.25,167.9062500000000000
barra longa,MG,1,1341.55,1341.5500000000000000
monte belo,MG,5,1340.30,268.0600000000000000
jaguaruana,CE,4,1339.30,334.8250000000000000
reriutaba,CE,3,1331.63,443.8766666666666667
campo maior,PI,7,1329.70,189.9571428571428571
coroata,MA,9,1328.47,147.6077777777777778
guara,SP,8,1328.20,166.0250000000000000
salto de pirapora,SP,13,1326.18,102.0138461538461538
sumidouro,RJ,10,1325.97,132.5970000000000000
barcarena,PA,6,1323.67,220.6116666666666667
pompeu,MG,11,1321.67,120.1518181818181818
frederico westphalen,RS,14,1319.89,94.2778571428571429
saltinho,SP,5,1316.35,263.2700000000000000
sarzedo,MG,18,1316.33,73.1294444444444444
santa teresa,ES,10,1313.65,131.3650000000000000
urupes,SP,10,1313.27,131.3270000000000000
boa esperanca,ES,7,1312.95,187.5642857142857143
butia,RS,6,1312.61,218.7683333333333333
salesopolis,SP,10,1310.96,131.0960000000000000
sao joaquim,SC,9,1310.39,145.5988888888888889
alhandra,PB,2,1307.91,653.9550000000000000
conceicao do coite,BA,9,1307.04,145.2266666666666667
acreuna,GO,7,1306.45,186.6357142857142857
riacho de santana,BA,4,1302.47,325.6175000000000000
macau,RN,5,1297.69,259.5380000000000000
raposos,MG,11,1297.31,117.9372727272727273
venturosa,PE,2,1297.06,648.5300000000000000
catu de abrantes,BA,2,1295.86,647.9300000000000000
rosario do sul,RS,14,1292.52,92.3228571428571429
mangaratiba,RJ,13,1292.46,99.4200000000000000
charqueada,SP,10,1290.88,129.0880000000000000
itaberaba,BA,10,1286.19,128.6190000000000000
araquari,SC,11,1285.36,116.8509090909090909
quixere,CE,3,1281.01,427.0033333333333333
arapoti,PR,9,1280.91,142.3233333333333333
rolante,RS,10,1280.29,128.0290000000000000
toritama,PE,5,1277.99,255.5980000000000000
capinopolis,MG,11,1277.95,116.1772727272727273
costa rica,MS,12,1273.90,106.1583333333333333
prata,MG,10,1270.36,127.0360000000000000
brotas,SP,12,1269.88,105.8233333333333333
camacan,BA,6,1269.40,211.5666666666666667
valenca do piaui,PI,4,1268.65,317.1625000000000000
santana do mundau,AL,3,1268.01,422.6700000000000000
passagem,PB,1,1265.83,1265.8300000000000000
ibaiti,PR,11,1264.14,114.9218181818181818
colinas,MA,3,1263.40,421.1333333333333333
jijoca de jericoacoara,CE,4,1262.22,315.5550000000000000
alto paraiso,RO,1,1260.76,1260.7600000000000000
coari,AM,1,1259.04,1259.0400000000000000
aguas da prata,SP,10,1257.57,125.7570000000000000
cristina,MG,8,1256.38,157.0475000000000000
itapejara d'oeste,PR,6,1255.92,209.3200000000000000
cascavel,CE,5,1254.75,250.9500000000000000
capao do leao,RS,4,1254.66,313.6650000000000000
arapora,MG,5,1253.37,250.6740000000000000
santo antonio do pinhal,SP,2,1252.69,626.3450000000000000
hidrolandia,CE,7,1251.75,178.8214285714285714
taua,CE,10,1251.37,125.1370000000000000
terra de areia,RS,5,1250.93,250.1860000000000000
garibaldi,RS,10,1248.25,124.8250000000000000
macaubas,BA,9,1248.09,138.6766666666666667
santa maria madalena,RJ,7,1247.45,178.2071428571428571
bom jesus do araguaia,MT,1,1247.29,1247.2900000000000000
caraubas,RN,3,1246.76,415.5866666666666667
poco fundo,MG,8,1244.88,155.6100000000000000
jaguarao,RS,8,1242.01,155.2512500000000000
entre rios,BA,6,1241.52,206.9200000000000000
lajedo,PE,7,1237.92,176.8457142857142857
sao jose da lapa,MG,8,1237.52,154.6900000000000000
goias,GO,8,1236.73,154.5912500000000000
pontal do parana,PR,8,1235.05,154.3812500000000000
prado,BA,5,1234.59,246.9180000000000000
buritama,SP,9,1234.42,137.1577777777777778
engenheiro coelho,SP,13,1234.24,94.9415384615384615
acailandia,MA,7,1233.48,176.2114285714285714
rio das pedras,SP,11,1231.52,111.9563636363636364
japuiba,RJ,5,1230.85,246.1700000000000000
ervalia,MG,7,1230.45,175.7785714285714286
sao lourenco do oeste,SC,11,1229.93,111.8118181818181818
alto araguaia,MT,5,1228.13,245.6260000000000000
santo estevao,BA,5,1226.69,245.3380000000000000
arroio dos ratos,RS,9,1226.52,136.2800000000000000
pilar do sul,SP,12,1225.32,102.1100000000000000
brodowski,SP,10,1224.59,122.4590000000000000
goianapolis,GO,4,1224.04,306.0100000000000000
brejo do cruz,PB,1,1217.78,1217.7800000000000000
rubiataba,GO,7,1210.69,172.9557142857142857
serranopolis,GO,3,1210.27,403.4233333333333333
uruara,PA,6,1199.13,199.8550000000000000
vera cruz,SP,10,1198.44,119.8440000000000000
rio brilhante,MS,11,1195.16,108.6509090909090909
xangri-la,RS,8,1192.87,149.1087500000000000
mar de espanha,MG,9,1191.57,132.3966666666666667
taruma,SP,9,1189.95,132.2166666666666667
guarei,SP,5,1187.44,237.4880000000000000
mirai,MG,9,1186.53,131.8366666666666667
monte aprazivel,SP,10,1186.50,118.6500000000000000
nova prata do iguacu,PR,6,1185.19,197.5316666666666667
extrema,RO,4,1184.52,296.1300000000000000
sao goncalo do amarante,RN,7,1184.28,169.1828571428571429
pinheiros,ES,8,1182.51,147.8137500000000000
tabira,PE,5,1178.89,235.7780000000000000
fundao,ES,5,1177.95,235.5900000000000000
lagoa grande,PE,4,1177.19,294.2975000000000000
tarabai,SP,5,1174.40,234.8800000000000000
balneario pinhal,RS,8,1171.94,146.4925000000000000
nazare,BA,4,1170.44,292.6100000000000000
gouveia,MG,4,1167.23,291.8075000000000000
aimores,MG,10,1166.62,116.6620000000000000
primavera,SP,9,1166.01,129.5566666666666667
dianopolis,TO,7,1165.41,166.4871428571428571
cacu,GO,8,1163.53,145.4412500000000000
cajobi,SP,8,1162.89,145.3612500000000000
otacilio costa,SC,5,1162.85,232.5700000000000000
pauliceia,SP,3,1162.10,387.3666666666666667
arceburgo,MG,7,1160.83,165.8328571428571429
catas altas,MG,5,1160.35,232.0700000000000000
treze tilias,SC,11,1159.36,105.3963636363636364
sao jose da barra,MG,6,1158.11,193.0183333333333333
caicara do norte,RN,1,1157.41,1157.4100000000000000
chavantes,SP,12,1154.14,96.1783333333333333
itaberai,GO,6,1151.08,191.8466666666666667
bonito,MS,8,1150.97,143.8712500000000000
seabra,BA,6,1148.26,191.3766666666666667
lucelia,SP,12,1147.89,95.6575000000000000
patrocinio paulista,SP,2,1147.46,573.7300000000000000
cabrobo,PE,6,1146.91,191.1516666666666667
colorado,PR,6,1145.85,190.9750000000000000
ecoporanga,ES,8,1145.83,143.2287500000000000
encruzilhada do sul,RS,8,1142.59,142.8237500000000000
bom jesus,PI,4,1142.14,285.5350000000000000
pedreiras,MA,3,1141.76,380.5866666666666667
bom principio,RS,6,1140.75,190.1250000000000000
sapezal,MT,8,1139.52,142.4400000000000000
ortigueira,PR,8,1139.45,142.4312500000000000
bayeux,PB,7,1139.41,162.7728571428571429
santa quiteria,CE,5,1139.12,227.8240000000000000
luis antonio,SP,7,1131.43,161.6328571428571429
crixas,GO,8,1129.44,141.1800000000000000
fervedouro,MG,8,1128.61,141.0762500000000000
piratuba,SC,6,1128.48,188.0800000000000000
nova roma do sul,RS,1,1127.29,1127.2900000000000000
sao jose do calcado,ES,6,1127.26,187.8766666666666667
cruzeiro do sul,AC,3,1127.06,375.6866666666666667
jeremoabo,BA,6,1126.37,187.7283333333333333
assai,PR,6,1124.94,187.4900000000000000
morrinhos,CE,4,1124.79,281.1975000000000000
picarra,PA,1,1122.86,1122.8600000000000000
pedregulho,SP,2,1122.18,561.0900000000000000
concordia do para,PA,3,1120.90,373.6333333333333333
quixeramobim,CE,6,1119.97,186.6616666666666667
santo antonio do aracangua,SP,1,1117.99,1117.9900000000000000
serrana,SP,13,1115.27,85.7900000000000000
conceicao da aparecida,MG,6,1115.03,185.8383333333333333
bom jesus,GO,8,1112.53,139.0662500000000000
porciuncula,RJ,8,1112.13,139.0162500000000000
campos de julio,MT,6,1110.35,185.0583333333333333
paicandu,PR,10,1106.22,110.6220000000000000
itamonte,MG,10,1105.06,110.5060000000000000
buri,SP,10,1103.39,110.3390000000000000
sao sebastiao da grama,SP,4,1102.02,275.5050000000000000
godoy moreira,PR,1,1101.83,1101.8300000000000000
pinhao,PR,8,1101.52,137.6900000000000000
dourado,SP,8,1098.35,137.2937500000000000
iaciara,GO,4,1098.31,274.5775000000000000
cambara,PR,10,1096.06,109.6060000000000000
tres marias,MG,13,1095.90,84.3000000000000000
cardoso,SP,6,1095.32,182.5533333333333333
potirendaba,SP,9,1095.10,121.6777777777777778
benedito novo,SC,6,1093.77,182.2950000000000000
virginopolis,MG,8,1092.22,136.5275000000000000
pecanha,MG,5,1091.80,218.3600000000000000
cosmorama,SP,6,1091.55,181.9250000000000000
estiva gerbi,SP,7,1090.98,155.8542857142857143
candeias,MG,10,1090.18,109.0180000000000000
regente feijo,SP,10,1088.31,108.8310000000000000
ipiau,BA,8,1088.03,136.0037500000000000
matupa,MT,7,1087.87,155.4100000000000000
itapoa,SC,9,1087.75,120.8611111111111111
prudentopolis,PR,7,1085.17,155.0242857142857143
urussanga,SC,10,1083.08,108.3080000000000000
simao dias,SE,7,1082.91,154.7014285714285714
pradopolis,SP,10,1081.31,108.1310000000000000
fronteira,MG,6,1079.53,179.9216666666666667
porto belo,SC,9,1079.32,119.9244444444444444
inhapi,AL,2,1075.10,537.5500000000000000
oriente,SP,3,1075.02,358.3400000000000000
lagoa dos gatos,PE,3,1073.47,357.8233333333333333
barra da estiva,BA,7,1072.68,153.2400000000000000
sao francisco,SE,3,1072.06,357.3533333333333333
eugenopolis,MG,5,1071.39,214.2780000000000000
condado,PE,4,1071.11,267.7775000000000000
colonia jordaozinho,PR,2,1071.03,535.5150000000000000
bom jardim de minas,MG,8,1068.38,133.5475000000000000
porecatu,PR,10,1068.03,106.8030000000000000
cristalandia,TO,3,1067.93,355.9766666666666667
dormentes,PE,2,1067.73,533.8650000000000000
paraopeba,MG,9,1066.74,118.5266666666666667
palotina,PR,10,1065.77,106.5770000000000000
sao joao,PR,11,1064.79,96.7990909090909091
nova santa rita,RS,5,1064.00,212.8000000000000000
borda da mata,MG,6,1062.25,177.0416666666666667
nao-me-toque,RS,7,1062.10,151.7285714285714286
sao benedito,CE,4,1058.76,264.6900000000000000
coronel vivida,PR,11,1058.59,96.2354545454545455
goianira,GO,8,1057.77,132.2212500000000000
sao miguel dos campos,AL,2,1054.11,527.0550000000000000
alfredo chaves,ES,7,1052.61,150.3728571428571429
jordania,MG,5,1047.20,209.4400000000000000
cacapava do sul,RS,5,1044.83,208.9660000000000000
icem,SP,9,1043.64,115.9600000000000000
serafina correa,RS,9,1042.38,115.8200000000000000
colonia castrolanda,PR,3,1041.70,347.2333333333333333
regeneracao,PI,6,1041.64,173.6066666666666667
aguas belas,PE,6,1041.40,173.5666666666666667
jacaraci,BA,4,1040.27,260.0675000000000000
pinhalzinho,SC,9,1040.20,115.5777777777777778
lago da pedra,MA,5,1038.96,207.7920000000000000
munhoz de melo,PR,4,1037.26,259.3150000000000000
pesqueira,PE,9,1036.55,115.1722222222222222
varre-sai,RJ,4,1035.37,258.8425000000000000
itacare,BA,8,1032.79,129.0987500000000000
quedas do iguacu,PR,8,1030.44,128.8050000000000000
campo verde,MT,10,1029.69,102.9690000000000000
capivari de baixo,SC,5,1028.73,205.7460000000000000
sao domingos do norte,ES,7,1028.50,146.9285714285714286
itaobim,MG,6,1026.56,171.0933333333333333
abadiania,GO,1,1025.52,1025.5200000000000000
bela cruz,CE,4,1024.47,256.1175000000000000
alvinopolis,MG,11,1020.96,92.8145454545454545
monte santo de minas,MG,9,1018.00,113.1111111111111111
canavieiras,BA,6,1017.29,169.5483333333333333
brazopolis,MG,6,1015.50,169.2500000000000000
california da barra,RJ,6,1014.50,169.0833333333333333
sao goncalo do rio abaixo,MG,6,1013.43,168.9050000000000000
paulistana,PI,3,1013.26,337.7533333333333333
pedro de toledo,SP,9,1013.09,112.5655555555555556
figueira,PR,4,1012.87,253.2175000000000000
holambra ii,SP,5,1012.82,202.5640000000000000
canelinha,SC,4,1012.72,253.1800000000000000
boa esperanca do sul,SP,11,1012.62,92.0563636363636364
santa cecilia,SC,6,1011.43,168.5716666666666667
palma sola,SC,4,1010.55,252.6375000000000000
taiuva,SP,5,1010.13,202.0260000000000000
itarana,ES,3,1010.02,336.6733333333333333
itaju,SP,3,1008.37,336.1233333333333333
sertanopolis,PR,4,1008.14,252.0350000000000000
mozarlandia,GO,7,1008.04,144.0057142857142857
paco do lumiar,MA,7,1005.93,143.7042857142857143
candido godoi,RS,1,1005.84,1005.8400000000000000
santa fe,PR,5,1005.44,201.0880000000000000
sao miguel,RN,4,1004.52,251.1300000000000000
capela do alto,SP,3,1004.25,334.7500000000000000
juquia,SP,10,1003.36,100.3360000000000000
itapuranga,GO,7,1003.26,143.3228571428571429
itaja,GO,3,1001.90,333.9666666666666667
grao mogol,MG,3,999.30,333.1000000000000000
cansancao,BA,7,998.37,142.6242857142857143
campo alegre,AL,2,997.96,498.9800000000000000
conservatoria,RJ,4,997.19,249.2975000000000000
faxinal,PR,9,995.73,110.6366666666666667
guapiacu,SP,6,995.55,165.9250000000000000
trancoso,BA,6,995.19,165.8650000000000000
sao marcos,RS,9,994.76,110.5288888888888889
bom sucesso,MG,4,994.70,248.6750000000000000
bom jesus,SC,2,993.16,496.5800000000000000
santo antonio do descoberto,GO,5,992.88,198.5760000000000000
miracatu,SP,5,991.81,198.3620000000000000
lavras da mangabeira,CE,2,986.46,493.2300000000000000
rodeio,SC,7,985.95,140.8500000000000000
bilac,SP,9,985.41,109.4900000000000000
irapuru,SP,6,985.29,164.2150000000000000
julio mesquita,SP,2,984.59,492.2950000000000000
julio de castilhos,RS,10,983.04,98.3040000000000000
angatuba,SP,8,983.03,122.8787500000000000
cruzeiro do oeste,PR,7,982.50,140.3571428571428571
urania,SP,4,980.28,245.0700000000000000
guaira,PR,7,979.80,139.9714285714285714
goiana,MG,4,977.22,244.3050000000000000
arraial d'ajuda,BA,8,975.87,121.9837500000000000
sao goncalo do para,MG,3,975.85,325.2833333333333333
borborema,SP,9,975.55,108.3944444444444444
mairi,BA,2,974.31,487.1550000000000000
guaranesia,MG,9,972.83,108.0922222222222222
nova trento,SC,6,972.21,162.0350000000000000
santa rita do araguaia,GO,7,972.03,138.8614285714285714
conceicao do rio verde,MG,5,970.15,194.0300000000000000
tucano,BA,8,969.58,121.1975000000000000
alpinopolis,MG,7,969.45,138.4928571428571429
novo cruzeiro,MG,9,968.87,107.6522222222222222
grajau,MA,5,965.51,193.1020000000000000
goianesia do para,PA,3,964.71,321.5700000000000000
moreno,PE,5,960.09,192.0180000000000000
arinos,MG,8,959.82,119.9775000000000000
portao,RS,10,959.46,95.9460000000000000
sao jose de mipibu,RN,3,956.19,318.7300000000000000
amarante,PI,1,953.84,953.8400000000000000
santa branca,SP,9,953.35,105.9277777777777778
inaciolandia,GO,3,952.92,317.6400000000000000
jacare,SP,8,952.58,119.0725000000000000
alcinopolis,MS,6,952.35,158.7250000000000000
espigao do oeste,RO,6,951.17,158.5283333333333333
paudalho,PE,2,950.14,475.0700000000000000
cidade gaucha,PR,5,950.10,190.0200000000000000
planaltina,GO,10,949.34,94.9340000000000000
uniao dos palmares,AL,2,949.23,474.6150000000000000
alto parnaiba,MA,5,948.10,189.6200000000000000
tocantinopolis,TO,7,947.28,135.3257142857142857
santana do cariri,CE,3,946.68,315.5600000000000000
nova londrina,PR,9,946.56,105.1733333333333333
sao luis do paraitinga,SP,3,945.99,315.3300000000000000
piquete,SP,9,945.86,105.0955555555555556
resplendor,MG,10,944.60,94.4600000000000000
areiopolis,SP,3,944.24,314.7466666666666667
matozinhos,MG,12,944.16,78.6800000000000000
barra do bugres,MT,4,943.65,235.9125000000000000
santana do serido,RN,2,943.37,471.6850000000000000
marilac,MG,1,942.78,942.7800000000000000
rio manso,MG,5,939.68,187.9360000000000000
queimadas,BA,4,937.57,234.3925000000000000
aracariguama,SP,10,937.07,93.7070000000000000
nazare paulista,SP,7,934.33,133.4757142857142857
tapes,RS,6,934.26,155.7100000000000000
sao mateus do maranhao,MA,3,930.70,310.2333333333333333
lagoa da confusao,TO,5,929.74,185.9480000000000000
barra de sao francisco,ES,10,929.28,92.9280000000000000
mimoso do sul,ES,10,928.89,92.8890000000000000
dores do indaia,MG,7,928.86,132.6942857142857143
mambore,PR,8,928.47,116.0587500000000000
campos belos,GO,7,927.53,132.5042857142857143
sao bernardo,MA,3,923.39,307.7966666666666667
brasilia de minas,MG,9,922.92,102.5466666666666667
lagoa formosa,MG,7,921.92,131.7028571428571429
mambai,GO,2,921.90,460.9500000000000000
ruy barbosa,BA,7,921.15,131.5928571428571429
datas,MG,1,920.94,920.9400000000000000
lima duarte,MG,6,920.86,153.4766666666666667
presidente getulio,SC,7,920.83,131.5471428571428571
getulio vargas,RS,8,919.94,114.9925000000000000
santa isabel do para,PA,6,919.57,153.2616666666666667
juru,PB,1,919.38,919.3800000000000000
buriticupu,MA,5,919.03,183.8060000000000000
guaicara,SP,8,917.56,114.6950000000000000
itaguari,GO,1,913.70,913.7000000000000000
imbituva,PR,8,913.66,114.2075000000000000
trajano de moraes,RJ,8,913.04,114.1300000000000000
arrozal,RJ,3,912.81,304.2700000000000000
tarumirim,MG,4,912.25,228.0625000000000000
piranhas,GO,4,911.81,227.9525000000000000
joao neiva,ES,8,911.40,113.9250000000000000
ibira,SP,7,911.03,130.1471428571428571
tres coroas,RS,6,910.48,151.7466666666666667
jaru,RO,6,910.26,151.7100000000000000
cachoeira do campo,MG,2,909.84,454.9200000000000000
boninal,BA,2,909.80,454.9000000000000000
lutecia,SP,1,908.84,908.8400000000000000
chui,RS,5,908.16,181.6320000000000000
cerro largo,RS,7,907.81,129.6871428571428571
mallet,PR,6,907.63,151.2716666666666667
avanhandava,SP,7,905.33,129.3328571428571429
joanopolis,SP,6,904.51,150.7516666666666667
sao joao do sul,SC,2,902.37,451.1850000000000000
acopiara,CE,7,901.67,128.8100000000000000
varjota,CE,4,901.18,225.2950000000000000
carlopolis,PR,6,901.18,150.1966666666666667
sao cristovao,SE,7,900.43,128.6328571428571429
salto do lontra,PR,4,900.11,225.0275000000000000
candiota,RS,4,899.60,224.9000000000000000
igarapava,SP,7,897.02,128.1457142857142857
nuporanga,SP,3,895.41,298.4700000000000000
icatu,MA,1,892.90,892.9000000000000000
santa helena,MA,3,892.14,297.3800000000000000
amambai,MS,6,890.69,148.4483333333333333
dois irmaos do buriti,MS,3,890.15,296.7166666666666667
capela,SE,3,889.17,296.3900000000000000
cuite,PB,4,887.22,221.8050000000000000
jacupiranga,SP,5,885.57,177.1140000000000000
ubaira,BA,6,884.91,147.4850000000000000
rio pardo,RS,6,884.86,147.4766666666666667
santa rita de caldas,MG,6,882.22,147.0366666666666667
conde,BA,2,881.52,440.7600000000000000
rio paranaiba,MG,9,881.48,97.9422222222222222
lagoa do carro,PE,2,880.78,440.3900000000000000
ze doca,MA,5,878.92,175.7840000000000000
barra do choca,BA,3,877.49,292.4966666666666667
ilhota,SC,4,877.22,219.3050000000000000
maracas,BA,5,877.09,175.4180000000000000
campos borges,RS,3,877.04,292.3466666666666667
papanduva,SC,8,876.65,109.5812500000000000
serro,MG,2,876.62,438.3100000000000000
cidade ocidental,GO,8,876.57,109.5712500000000000
sao pedro dos ferros,MG,4,875.73,218.9325000000000000
colniza,MT,3,875.49,291.8300000000000000
taguai,SP,10,873.56,87.3560000000000000
seara,SC,6,873.34,145.5566666666666667
campina verde,MG,10,868.85,86.8850000000000000
guapo,GO,6,868.70,144.7833333333333333
bicas,MG,7,868.55,124.0785714285714286
formoso,MG,2,867.10,433.5500000000000000
arataca,BA,1,865.78,865.7800000000000000
virgem da lapa,MG,3,864.44,288.1466666666666667
laurentino,SC,5,863.27,172.6540000000000000
marmeleiro,PR,7,862.98,123.2828571428571429
jaguaribe,CE,5,861.80,172.3600000000000000
araguatins,TO,5,859.90,171.9800000000000000
vila muriqui,RJ,7,856.45,122.3500000000000000
murutinga do sul,SP,2,855.71,427.8550000000000000
bananal,SP,6,855.71,142.6183333333333333
chapada dos guimaraes,MT,4,854.78,213.6950000000000000
goiana,PE,9,853.96,94.8844444444444444
itajuipe,BA,3,852.28,284.0933333333333333
vere,PR,3,848.97,282.9900000000000000
morretes,PR,4,848.92,212.2300000000000000
paraiso,SP,5,848.74,169.7480000000000000
echapora,SP,2,847.25,423.6250000000000000
cafelandia,SP,8,846.20,105.7750000000000000
ribeirao bonito,SP,7,846.12,120.8742857142857143
itirucu,BA,3,845.37,281.7900000000000000
viana,MA,5,845.14,169.0280000000000000
sao joao d'alianca,GO,3,844.86,281.6200000000000000
alfredo wagner,SC,2,844.67,422.3350000000000000
pedralva,MG,3,844.32,281.4400000000000000
floresta,PR,5,844.09,168.8180000000000000
igarata,SP,5,843.87,168.7740000000000000
matias olimpio,PI,1,841.40,841.4000000000000000
sandolandia,TO,1,841.28,841.2800000000000000
carbonita,MG,4,841.12,210.2800000000000000
muzambinho,MG,9,840.63,93.4033333333333333
jucurutu,RN,4,839.83,209.9575000000000000
cananeia,SP,8,838.89,104.8612500000000000
sao tomas de aquino,MG,4,836.15,209.0375000000000000
catanduvas,SC,6,834.99,139.1650000000000000
cabreuva,SP,6,834.12,139.0200000000000000
belo oriente,MG,5,833.02,166.6040000000000000
firminopolis,GO,7,832.50,118.9285714285714286
morro de sao paulo,BA,1,832.00,832.0000000000000000
capanema,PA,5,831.86,166.3720000000000000
tres cachoeiras,RS,7,831.42,118.7742857142857143
santa albertina,SP,7,830.42,118.6314285714285714
pejucara,RS,4,830.35,207.5875000000000000
arari,MA,2,828.79,414.3950000000000000
piripiri,PI,7,828.56,118.3657142857142857
sao felipe,BA,2,827.01,413.5050000000000000
madre de deus,BA,7,826.74,118.1057142857142857
vargem bonita,SC,5,826.27,165.2540000000000000
avelar,RJ,4,824.24,206.0600000000000000
rio do campo,SC,4,822.25,205.5625000000000000
alto taquari,MT,3,821.17,273.7233333333333333
cunha pora,SC,5,820.95,164.1900000000000000
urucui,PI,4,820.26,205.0650000000000000
coribe,BA,8,816.78,102.0975000000000000
estacao,RS,5,815.22,163.0440000000000000
caninde,CE,6,814.20,135.7000000000000000
joao lisboa,MA,5,810.71,162.1420000000000000
nepomuceno,MG,9,810.68,90.0755555555555556
anicuns,GO,8,809.19,101.1487500000000000
jaboticatubas,MG,1,808.87,808.8700000000000000
iati,PE,3,807.24,269.0800000000000000
capanema,PR,9,805.98,89.5533333333333333
caetanopolis,MG,8,805.62,100.7025000000000000
alta floresta d'oeste,RO,3,805.50,268.5000000000000000
timbauba,PE,7,804.45,114.9214285714285714
oeiras,PI,6,803.91,133.9850000000000000
santa helena,PR,9,803.75,89.3055555555555556
nova mamore,RO,2,803.16,401.5800000000000000
conceicao da feira,BA,2,802.95,401.4750000000000000
sabino,SP,3,802.87,267.6233333333333333
maracacume,MA,4,802.42,200.6050000000000000
cacequi,RS,4,801.37,200.3425000000000000
alto santo,CE,3,801.01,267.0033333333333333
barros cassal,RS,3,800.36,266.7866666666666667
piedade de caratinga,MG,7,799.83,114.2614285714285714
jaiba,MG,6,799.04,133.1733333333333333
andorinha,BA,5,797.61,159.5220000000000000
abelardo luz,SC,6,797.58,132.9300000000000000
medeiros neto,BA,7,797.29,113.8985714285714286
peabiru,PR,5,793.96,158.7920000000000000
cajuru,SP,9,793.90,88.2111111111111111
santa cruz de monte castelo,PR,4,793.05,198.2625000000000000
jaguapita,PR,1,790.68,790.6800000000000000
sapucaia,RJ,5,790.10,158.0200000000000000
maravilha,SC,10,789.87,78.9870000000000000
divisa nova,MG,1,788.71,788.7100000000000000
catigua,SP,6,788.52,131.4200000000000000
sao bento do sapucai,SP,7,788.06,112.5800000000000000
miguel calmon,BA,5,787.81,157.5620000000000000
guabiruba,SC,5,786.81,157.3620000000000000
carapebus,RJ,5,786.52,157.3040000000000000
campanha,MG,7,786.26,112.3228571428571429
solonopole,CE,2,785.74,392.8700000000000000
corbelia,PR,3,785.22,261.7400000000000000
sobradinho,BA,5,783.74,156.7480000000000000
sao joao do itaperiu,SC,1,782.74,782.7400000000000000
ribeira do pombal,BA,8,782.36,97.7950000000000000
bom jesus do norte,ES,4,781.85,195.4625000000000000
santa cruz de goias,GO,2,779.69,389.8450000000000000
dumont,SP,4,779.64,194.9100000000000000
tocantins,MG,6,778.49,129.7483333333333333
maioba,MA,3,778.07,259.3566666666666667
livramento de nossa senhora,BA,5,777.57,155.5140000000000000
mario campos,MG,4,775.04,193.7600000000000000
terra boa,PR,4,773.42,193.3550000000000000
matoes do norte,MA,2,772.28,386.1400000000000000
esperantinopolis,MA,3,771.41,257.1366666666666667
belem do sao francisco,PE,2,771.02,385.5100000000000000
terra rica,PR,7,769.63,109.9471428571428571
cidreira,RS,5,769.02,153.8040000000000000
barro,CE,4,769.02,192.2550000000000000
paracuru,CE,5,767.91,153.5820000000000000
urandi,BA,2,767.81,383.9050000000000000
guaracai,SP,5,767.11,153.4220000000000000
santo cristo,RS,7,766.18,109.4542857142857143
jauru,MT,5,762.86,152.5720000000000000
colina,SP,9,762.25,84.6944444444444444
guaiuba,CE,2,762.05,381.0250000000000000
garrafao do norte,PA,3,762.00,254.0000000000000000
santa isabel do rio preto,RJ,1,761.82,761.8200000000000000
itau,RN,2,761.37,380.6850000000000000
abrantes,BA,2,761.36,380.6800000000000000
palmitos,SC,5,760.98,152.1960000000000000
nova europa,SP,8,760.89,95.1112500000000000
paranapanema,SP,11,759.71,69.0645454545454545
macaiba,RN,5,757.17,151.4340000000000000
marco,CE,3,756.76,252.2533333333333333
nova hartz,RS,3,755.22,251.7400000000000000
jaragua,GO,7,755.07,107.8671428571428571
cururupu,MA,3,754.67,251.5566666666666667
bela vista de goias,GO,7,753.35,107.6214285714285714
pedro osorio,RS,3,752.98,250.9933333333333333
custodia,PE,5,752.17,150.4340000000000000
perdoes,MG,9,752.01,83.5566666666666667
ubirata,PR,7,751.43,107.3471428571428571
lindoia,SP,9,751.34,83.4822222222222222
acu,RN,3,749.59,249.8633333333333333
conceicao do para,MG,3,749.55,249.8500000000000000
general salgado,SP,7,748.22,106.8885714285714286
rolim de moura,RO,7,748.15,106.8785714285714286
mateus leme,MG,9,746.60,82.9555555555555556
comendador levy gasparian,RJ,7,746.56,106.6514285714285714
sao ludgero,SC,3,746.51,248.8366666666666667
mundo novo,MS,3,745.76,248.5866666666666667
nhandeara,SP,8,745.32,93.1650000000000000
barra do ribeiro,RS,5,742.89,148.5780000000000000
manoel ribas,PR,4,742.32,185.5800000000000000
morro reuter,RS,3,741.40,247.1333333333333333
propria,SE,4,740.75,185.1875000000000000
taquarivai,SP,3,738.90,246.3000000000000000
guaraciaba do norte,CE,4,738.15,184.5375000000000000
morro do chapeu,BA,7,737.84,105.4057142857142857
santa cruz das palmeiras,SP,9,736.51,81.8344444444444444
cantanhede,MA,1,735.85,735.8500000000000000
horizontina,RS,7,735.55,105.0785714285714286
santa cruz,RN,4,734.70,183.6750000000000000
camapua,MS,6,734.34,122.3900000000000000
frei inocencio,MG,5,733.89,146.7780000000000000
tracunhaem,PE,2,733.70,366.8500000000000000
miranorte,TO,2,733.42,366.7100000000000000
bataguassu,MS,5,732.92,146.5840000000000000
terra roxa,PR,4,731.69,182.9225000000000000
maristela,SP,4,731.42,182.8550000000000000
passo de torres,SC,7,731.26,104.4657142857142857
rio do pires,BA,4,731.25,182.8125000000000000
morada nova de minas,MG,3,730.37,243.4566666666666667
monte azul,MG,5,729.88,145.9760000000000000
sao jeronimo,RS,7,729.34,104.1914285714285714
itambacuri,MG,6,727.89,121.3150000000000000
teixeira soares,PR,2,727.38,363.6900000000000000
graccho cardoso,SE,1,723.72,723.7200000000000000
hidreletrica tucurui,PA,3,721.48,240.4933333333333333
sirinhaem,PE,5,720.23,144.0460000000000000
sao bento,PB,3,720.21,240.0700000000000000
juti,MS,4,719.48,179.8700000000000000
ouro preto do oeste,RO,4,718.48,179.6200000000000000
senador pompeu,CE,4,718.11,179.5275000000000000
pirapetinga,MG,8,715.75,89.4687500000000000
nova mutum,MT,5,715.67,143.1340000000000000
guaranta,SP,5,715.01,143.0020000000000000
apiai,SP,6,714.94,119.1566666666666667
conceicao dos ouros,MG,4,714.92,178.7300000000000000
pinheiro machado,RS,5,713.31,142.6620000000000000
petrolandia,SC,5,712.05,142.4100000000000000
surubim,PE,5,711.22,142.2440000000000000
santa cruz de minas,MG,5,710.39,142.0780000000000000
sao jose do norte,RS,7,710.32,101.4742857142857143
breves,PA,1,710.19,710.1900000000000000
itororo,BA,2,709.37,354.6850000000000000
rio acima,MG,8,709.23,88.6537500000000000
rio pardo de minas,MG,5,708.49,141.6980000000000000
morungaba,SP,7,708.32,101.1885714285714286
paulo frontin,PR,5,707.40,141.4800000000000000
lagoa dourada,MG,5,707.30,141.4600000000000000
itaperucu,PR,4,707.20,176.8000000000000000
paraipaba,CE,5,706.54,141.3080000000000000
campo ere,SC,7,706.07,100.8671428571428571
bady bassitt,SP,7,705.70,100.8142857142857143
itaitinga,CE,4,704.17,176.0425000000000000
urbano santos,MA,5,703.99,140.7980000000000000
jequitiba,MG,2,703.86,351.9300000000000000
itapecuru mirim,MA,4,702.95,175.7375000000000000
guaraci,PR,2,701.96,350.9800000000000000
limoeiro,PE,7,701.21,100.1728571428571429
granja,CE,5,700.30,140.0600000000000000
carmo de minas,MG,3,699.53,233.1766666666666667
juatuba,MG,4,699.33,174.8325000000000000
baldim,MG,2,699.04,349.5200000000000000
fernando prestes,SP,6,696.58,116.0966666666666667
sao gabriel do oeste,MS,7,695.94,99.4200000000000000
sao sepe,RS,6,695.71,115.9516666666666667
floresta,PE,6,694.69,115.7816666666666667
medina,MG,6,694.40,115.7333333333333333
santo antonio do jacinto,MG,8,693.56,86.6950000000000000
rio largo,AL,6,693.04,115.5066666666666667
aguas vermelhas,MG,3,692.89,230.9633333333333333
silva jardim,RJ,4,691.27,172.8175000000000000
porto xavier,RS,5,690.18,138.0360000000000000
ibiai,MG,3,689.95,229.9833333333333333
coronel joao sa,BA,3,689.71,229.9033333333333333
poco verde,SE,4,689.31,172.3275000000000000
mar vermelho,AL,2,689.02,344.5100000000000000
sao carlos,SC,5,688.57,137.7140000000000000
castelandia,GO,5,688.41,137.6820000000000000
jeceaba,MG,6,683.51,113.9183333333333333
marechal floriano,ES,5,681.38,136.2760000000000000
jaqueira,PE,3,679.17,226.3900000000000000
campos gerais,MG,5,679.17,135.8340000000000000
arcoverde,PE,5,677.40,135.4800000000000000
jequeri,MG,1,676.84,676.8400000000000000
vera cruz,RS,4,676.10,169.0250000000000000
canto do buriti,PI,1,674.83,674.8300000000000000
salto grande,SP,1,674.34,674.3400000000000000
candelaria,RS,4,673.10,168.2750000000000000
perola d'oeste,PR,2,672.75,336.3750000000000000
soledade,RS,5,671.66,134.3320000000000000
lagoinha,SP,3,668.73,222.9100000000000000
ubaitaba,BA,4,667.93,166.9825000000000000
antonio prado,RS,5,667.57,133.5140000000000000
jupi,PE,2,666.86,333.4300000000000000
teixeiras,MG,7,666.76,95.2514285714285714
palmeira,SC,3,665.88,221.9600000000000000
rio das flores,RJ,6,665.69,110.9483333333333333
nova bandeirantes,MT,4,665.53,166.3825000000000000
ribeirao claro,PR,5,663.80,132.7600000000000000
ipiabas,RJ,4,663.14,165.7850000000000000
nova aurora,PR,3,661.97,220.6566666666666667
fortuna,MA,3,661.92,220.6400000000000000
sao bento,MA,2,661.03,330.5150000000000000
capim grosso,BA,5,660.78,132.1560000000000000
rafard,SP,5,659.46,131.8920000000000000
iguaracu,PR,2,659.20,329.6000000000000000
bela vista do paraiso,PR,3,658.49,219.4966666666666667
valparaiso,SP,8,658.49,82.3112500000000000
conceicao do castelo,ES,5,658.00,131.6000000000000000
orizona,GO,6,657.08,109.5133333333333333
paulo de faria,SP,5,656.48,131.2960000000000000
belem,AL,3,656.47,218.8233333333333333
catuipe,RS,4,655.72,163.9300000000000000
porto dos gauchos,MT,1,655.67,655.6700000000000000
pouso redondo,SC,3,655.27,218.4233333333333333
anta gorda,RS,4,655.25,163.8125000000000000
eldorado,SP,6,654.06,109.0100000000000000
tiradentes,MG,4,653.58,163.3950000000000000
pedra preta,MT,4,653.50,163.3750000000000000
rio novo do sul,ES,6,653.44,108.9066666666666667
mato verde,MG,3,651.31,217.1033333333333333
raposo,RJ,3,650.84,216.9466666666666667
feira nova,PE,5,649.77,129.9540000000000000
ariranha,SP,5,647.27,129.4540000000000000
sapucai-mirim,MG,4,647.16,161.7900000000000000
carajas,PA,4,646.56,161.6400000000000000
lavras do sul,RS,3,646.56,215.5200000000000000
ivai,PR,2,645.77,322.8850000000000000
senges,PR,5,645.50,129.1000000000000000
araputanga,MT,4,645.25,161.3125000000000000
potiragua,BA,7,644.70,92.1000000000000000
roque gonzales,RS,5,643.61,128.7220000000000000
sao jose do divino,PI,1,643.33,643.3300000000000000
colinas do tocantins,TO,3,643.08,214.3600000000000000
jesuitas,PR,4,642.93,160.7325000000000000
anitapolis,SC,2,642.38,321.1900000000000000
uchoa,SP,3,641.29,213.7633333333333333
ivaipora,PR,7,640.86,91.5514285714285714
desterro,PB,1,639.98,639.9800000000000000
horizonte,CE,5,639.41,127.8820000000000000
uibai,BA,4,639.36,159.8400000000000000
icapui,CE,5,638.40,127.6800000000000000
tangua,RJ,6,636.04,106.0066666666666667
dom feliciano,RS,5,635.95,127.1900000000000000
palestina,SP,10,634.57,63.4570000000000000
ilha de itamaraca,PE,4,632.15,158.0375000000000000
jatoba,PE,4,631.27,157.8175000000000000
cristal,RS,3,631.04,210.3466666666666667
piritiba,BA,6,630.22,105.0366666666666667
sao jose do egito,PE,4,630.20,157.5500000000000000
campina da lagoa,PR,3,629.77,209.9233333333333333
orindiuva,SP,5,629.59,125.9180000000000000
barra dos coqueiros,SE,3,629.46,209.8200000000000000
barra de santo antonio,AL,2,629.12,314.5600000000000000
sales oliveira,SP,6,627.74,104.6233333333333333
carai,MG,6,626.69,104.4483333333333333
euclides da cunha,BA,5,625.62,125.1240000000000000
presidente bernardes,SP,6,624.07,104.0116666666666667
sao francisco de paula,RS,5,622.68,124.5360000000000000
sao miguel do guapore,RO,4,622.23,155.5575000000000000
caldas,MG,5,621.94,124.3880000000000000
lavrinhas,SP,1,621.35,621.3500000000000000
posto da mata,BA,4,620.13,155.0325000000000000
carius,CE,3,618.69,206.2300000000000000
sao miguel do tapuio,PI,3,618.51,206.1700000000000000
uaua,BA,4,618.18,154.5450000000000000
quatis,RJ,5,617.87,123.5740000000000000
cachoeira de minas,MG,7,616.92,88.1314285714285714
cardoso moreira,RJ,6,616.88,102.8133333333333333
vianopolis,GO,3,616.76,205.5866666666666667
alfredo vasconcelos,MG,3,616.74,205.5800000000000000
sao sebastiao do alto,RJ,4,616.70,154.1750000000000000
ipora do oeste,SC,6,615.23,102.5383333333333333
cacule,BA,3,615.05,205.0166666666666667
paulino neves,MA,1,614.63,614.6300000000000000
martins soares,MG,6,613.90,102.3166666666666667
rio novo,MG,4,613.25,153.3125000000000000
tanque d'arca,AL,2,611.54,305.7700000000000000
una,BA,5,610.34,122.0680000000000000
parauna,GO,4,610.16,152.5400000000000000
tanhacu,BA,4,609.80,152.4500000000000000
sao valentim,RS,3,609.47,203.1566666666666667
guimarania,MG,4,609.33,152.3325000000000000
pitanga,PR,3,607.71,202.5700000000000000
cachoeira alta,GO,6,605.48,100.9133333333333333
santa cruz cabralia,BA,5,605.18,121.0360000000000000
canapolis,MG,5,604.68,120.9360000000000000
curuca,PA,3,604.45,201.4833333333333333
tenente portela,RS,3,604.05,201.3500000000000000
conquista,MG,6,602.42,100.4033333333333333
itupiranga,PA,1,602.38,602.3800000000000000
cristais paulista,SP,4,600.64,150.1600000000000000
nova petropolis,RS,8,600.06,75.0075000000000000
francisco sa,MG,3,599.75,199.9166666666666667
sao jose do cedro,SC,5,598.77,119.7540000000000000
irai,RS,2,598.26,299.1300000000000000
bituruna,PR,5,598.23,119.6460000000000000
nossa senhora das dores,SE,1,598.23,598.2300000000000000
rifaina,SP,2,597.77,298.8850000000000000
vila dos cabanos,PA,4,597.67,149.4175000000000000
campo novo,RS,2,593.01,296.5050000000000000
aracoiaba,CE,3,592.44,197.4800000000000000
itobi,SP,7,591.42,84.4885714285714286
engenheiro paulo de frontin,RJ,6,590.89,98.4816666666666667
caputira,MG,2,590.66,295.3300000000000000
capitolio,MG,5,590.12,118.0240000000000000
gloria do goita,PE,2,587.92,293.9600000000000000
iguai,BA,2,587.14,293.5700000000000000
sao tiago,MG,5,586.45,117.2900000000000000
utinga,BA,5,586.45,117.2900000000000000
pindare mirim,MA,3,586.20,195.4000000000000000
sananduva,RS,6,585.57,97.5950000000000000
entre-ijuis,RS,3,585.04,195.0133333333333333
nova cruz,RN,3,583.25,194.4166666666666667
padre carvalho,MG,1,582.94,582.9400000000000000
alto boa vista,MT,5,581.99,116.3980000000000000
ibiraci,MG,4,581.14,145.2850000000000000
rio piracicaba,MG,4,580.14,145.0350000000000000
mutuipe,BA,4,580.09,145.0225000000000000
carmo da mata,MG,6,578.61,96.4350000000000000
castelo do piaui,PI,2,577.67,288.8350000000000000
pote,MG,3,577.53,192.5100000000000000
tupi paulista,SP,6,577.19,96.1983333333333333
cocalinho,MT,4,576.56,144.1400000000000000
florestopolis,PR,3,575.77,191.9233333333333333
breu branco,PA,3,575.70,191.9000000000000000
analandia,SP,4,575.70,143.9250000000000000
itarantim,BA,3,574.72,191.5733333333333333
taguatinga,DF,4,574.44,143.6100000000000000
muqui,ES,4,574.38,143.5950000000000000
cachoeira,BA,4,573.71,143.4275000000000000
machadinho d'oeste,RO,3,572.96,190.9866666666666667
sao sebastiao do paraiba,RJ,1,571.16,571.1600000000000000
santa maria de itabira,MG,4,570.49,142.6225000000000000
esperantina,PI,4,569.46,142.3650000000000000
areia branca dos assis,PR,3,569.43,189.8100000000000000
soledade,PB,3,568.75,189.5833333333333333
areias,SP,3,568.63,189.5433333333333333
corupa,SC,4,568.43,142.1075000000000000
alexania,GO,5,568.25,113.6500000000000000
congonhal,MG,4,568.19,142.0475000000000000
lajinha,MG,3,567.69,189.2300000000000000
denise,MT,2,566.63,283.3150000000000000
barra de guabiraba,PE,2,565.80,282.9000000000000000
inhapim,MG,7,565.35,80.7642857142857143
kalore,PR,2,563.96,281.9800000000000000
milagres,BA,2,563.44,281.7200000000000000
lobato,PR,3,562.77,187.5900000000000000
barbosa ferraz,PR,3,562.57,187.5233333333333333
edeia,GO,4,560.91,140.2275000000000000
ibicarai,BA,5,559.60,111.9200000000000000
penaforte,CE,2,559.03,279.5150000000000000
presidente olegario,MG,6,557.41,92.9016666666666667
altonia,PR,3,557.18,185.7266666666666667
tutoia,MA,2,556.87,278.4350000000000000
coelho neto,MA,4,556.86,139.2150000000000000
severinia,SP,5,556.45,111.2900000000000000
astorga,PR,7,556.28,79.4685714285714286
jardim do serido,RN,3,555.81,185.2700000000000000
paramirim,BA,5,555.47,111.0940000000000000
araruna,PR,4,555.07,138.7675000000000000
paula freitas,PR,1,553.46,553.4600000000000000
pedrinopolis,MG,3,553.30,184.4333333333333333
pinheiro,MA,4,553.23,138.3075000000000000
matipo,MG,4,552.35,138.0875000000000000
baturite,CE,3,551.09,183.6966666666666667
sao sebastiao do passe,BA,5,550.53,110.1060000000000000
jaquirana,RS,1,547.98,547.9800000000000000
sao geraldo,MG,4,547.81,136.9525000000000000
xambre,PR,2,547.74,273.8700000000000000
senador guiomard,AC,2,547.09,273.5450000000000000
poco redondo,SE,1,546.78,546.7800000000000000
boa viagem,CE,3,546.76,182.2533333333333333
sao pedro do ivai,PR,3,546.72,182.2400000000000000
guarara,MG,2,546.57,273.2850000000000000
pio xii,MA,1,546.03,546.0300000000000000
bom jardim,PE,2,545.35,272.6750000000000000
ipu,CE,4,545.20,136.3000000000000000
bananeiras,PB,5,544.74,108.9480000000000000
sao jose de uba,RJ,3,544.52,181.5066666666666667
pedra azul,MG,5,543.80,108.7600000000000000
trairi,CE,2,543.53,271.7650000000000000
eliseu martins,PI,4,543.06,135.7650000000000000
pindoba,AL,2,542.52,271.2600000000000000
curaca,BA,3,542.24,180.7466666666666667
capitao poco,PA,3,540.89,180.2966666666666667
cedral,SP,6,540.35,90.0583333333333333
rio azul,PR,5,538.54,107.7080000000000000
pacuja,CE,1,538.39,538.3900000000000000
sao joao do manteninha,MG,3,537.22,179.0733333333333333
irai de minas,MG,2,536.94,268.4700000000000000
praia grande,SC,4,536.92,134.2300000000000000
rio bonito do iguacu,PR,4,536.22,134.0550000000000000
rianapolis,GO,4,534.47,133.6175000000000000
apiaca,ES,6,534.42,89.0700000000000000
ipiacu,MG,3,534.09,178.0300000000000000
colonia leopoldina,AL,2,531.85,265.9250000000000000
itabela,BA,4,529.97,132.4925000000000000
gameleiras,MG,3,529.94,176.6466666666666667
cidelandia,MA,1,528.80,528.8000000000000000
chapada gaucha,MG,4,528.01,132.0025000000000000
rio fortuna,SC,3,527.47,175.8233333333333333
diamantino,MT,7,527.42,75.3457142857142857
rio branco do sul,PR,6,526.72,87.7866666666666667
dores do rio preto,ES,4,526.33,131.5825000000000000
ipupiara,BA,1,525.85,525.8500000000000000
ipubi,PE,3,525.79,175.2633333333333333
itambe,PE,4,525.50,131.3750000000000000
paulista,PB,1,525.46,525.4600000000000000
ceu azul,PR,7,525.29,75.0414285714285714
terra roxa,SP,3,525.06,175.0200000000000000
sao romao,MG,5,524.06,104.8120000000000000
cruz machado,PR,3,523.23,174.4100000000000000
bela vista,MS,3,522.88,174.2933333333333333
fatima,BA,2,522.28,261.1400000000000000
alto caparao,MG,2,522.08,261.0400000000000000
amaraji,PE,2,521.89,260.9450000000000000
cameta,PA,4,521.85,130.4625000000000000
japura,PR,5,521.53,104.3060000000000000
sao goncalo do amarante,CE,5,521.31,104.2620000000000000
vargeao,SC,1,520.65,520.6500000000000000
pintadas,BA,2,520.50,260.2500000000000000
dom aquino,MT,3,520.36,173.4533333333333333
itaipava,ES,4,520.02,130.0050000000000000
jiquirica,BA,1,519.93,519.9300000000000000
torrinha,SP,6,519.42,86.5700000000000000
cambira,PR,2,519.35,259.6750000000000000
solanea,PB,1,519.29,519.2900000000000000
cabo verde,MG,3,519.17,173.0566666666666667
caririacu,CE,2,519.14,259.5700000000000000
palmares do sul,RS,5,518.40,103.6800000000000000
santa maria do suacui,MG,2,517.75,258.8750000000000000
pedra bela,SP,3,517.33,172.4433333333333333
cristalia,MG,3,517.31,172.4366666666666667
nova ipixuna,PA,1,517.03,517.0300000000000000
maravilhas,MG,4,516.36,129.0900000000000000
ribeirao branco,SP,2,515.49,257.7450000000000000
diamante do norte,PR,5,515.27,103.0540000000000000
dom eliseu,PA,5,515.08,103.0160000000000000
montauri,RS,2,514.42,257.2100000000000000
itapirapua paulista,SP,2,514.07,257.0350000000000000
portalegre,RN,2,513.01,256.5050000000000000
brejo da madre de deus,PE,4,512.73,128.1825000000000000
nova aurora,GO,1,512.62,512.6200000000000000
bonfinopolis,GO,2,512.60,256.3000000000000000
capitao leonidas marques,PR,5,512.09,102.4180000000000000
guaraci,SP,2,511.57,255.7850000000000000
iraquara,BA,5,510.63,102.1260000000000000
travessao,RJ,4,510.43,127.6075000000000000
sanclerlandia,GO,4,510.34,127.5850000000000000
timburi,SP,5,510.24,102.0480000000000000
guaranta do norte,MT,5,509.29,101.8580000000000000
itueta,MG,2,508.94,254.4700000000000000
dobrada,SP,2,508.90,254.4500000000000000
santo antonio,RN,1,507.98,507.9800000000000000
perdigao,MG,7,507.58,72.5114285714285714
gandu,BA,4,507.45,126.8625000000000000
minas novas,MG,4,507.14,126.7850000000000000
sao jose do ouro,RS,5,507.09,101.4180000000000000
bom jesus do tocantins,PA,3,506.46,168.8200000000000000
seringueiras,RO,2,504.64,252.3200000000000000
palma,MG,4,504.05,126.0125000000000000
cachoeira de pajeu,MG,3,504.03,168.0100000000000000
mantenopolis,ES,4,503.02,125.7550000000000000
juara,MT,5,502.95,100.5900000000000000
limeira do oeste,MG,2,502.43,251.2150000000000000
quadra,SP,3,501.88,167.2933333333333333
carolina,MA,2,500.69,250.3450000000000000
dionisio cerqueira,SC,3,500.54,166.8466666666666667
iacu,BA,4,499.85,124.9625000000000000
terra nova do norte,MT,3,499.35,166.4500000000000000
campos altos,MG,5,498.61,99.7220000000000000
general carneiro,PR,5,498.52,99.7040000000000000
ibirarema,SP,5,498.19,99.6380000000000000
iapu,MG,4,497.93,124.4825000000000000
itaoca,ES,2,497.20,248.6000000000000000
salto veloso,SC,4,497.07,124.2675000000000000
sao joao da ponte,MG,1,496.76,496.7600000000000000
nova santa rosa,PR,4,496.62,124.1550000000000000
altaneira,CE,2,496.26,248.1300000000000000
magda,SP,2,496.07,248.0350000000000000
bodoquena,MS,2,495.53,247.7650000000000000
sabinopolis,MG,6,495.51,82.5850000000000000
itapirapua,GO,2,495.34,247.6700000000000000
santo antonio das missoes,RS,4,495.32,123.8300000000000000
arembepe,BA,2,494.06,247.0300000000000000
reboucas,PR,6,493.38,82.2300000000000000
baianopolis,BA,2,493.28,246.6400000000000000
apodi,RN,3,492.07,164.0233333333333333
peixoto de azevedo,MT,4,491.56,122.8900000000000000
arace,ES,4,491.18,122.7950000000000000
barreirinhas,MA,4,490.73,122.6825000000000000
rio tinto,PB,2,490.25,245.1250000000000000
roseira,SP,5,490.14,98.0280000000000000
sao martinho,SC,2,489.99,244.9950000000000000
pontalina,GO,2,488.72,244.3600000000000000
santa maria da boa vista,PE,2,488.57,244.2850000000000000
vera cruz do oeste,PR,3,488.34,162.7800000000000000
soledade de minas,MG,6,488.08,81.3466666666666667
remanso,BA,5,487.99,97.5980000000000000
bom repouso,MG,4,487.95,121.9875000000000000
caraiba,PE,2,487.15,243.5750000000000000
tabatinga,SP,5,487.11,97.4220000000000000
sucesso,CE,3,485.92,161.9733333333333333
pedrinhas paulista,SP,4,485.48,121.3700000000000000
dom silverio,MG,4,484.12,121.0300000000000000
bertolinia,PI,1,483.87,483.8700000000000000
ponte serrada,SC,3,483.78,161.2600000000000000
serrita,PE,2,483.72,241.8600000000000000
balneario barra do sul,SC,4,482.62,120.6550000000000000
brauna,SP,5,482.35,96.4700000000000000
rodeiro,MG,3,482.21,160.7366666666666667
elias fausto,SP,5,481.48,96.2960000000000000
rio real,BA,3,480.60,160.2000000000000000
tumiritinga,MG,1,480.31,480.3100000000000000
glicerio,RJ,2,480.25,240.1250000000000000
sertania,PE,4,479.92,119.9800000000000000
joao ramalho,SP,3,479.57,159.8566666666666667
massaranduba,SC,3,479.34,159.7800000000000000
tombos,MG,5,479.11,95.8220000000000000
itambe,BA,3,478.76,159.5866666666666667
aquiraz,CE,2,478.65,239.3250000000000000
santa isabel do ivai,PR,3,478.60,159.5333333333333333
jucurucu,BA,2,478.31,239.1550000000000000
ituacu,BA,3,478.07,159.3566666666666667
mendes pimentel,MG,5,477.73,95.5460000000000000
abre campo,MG,6,477.53,79.5883333333333333
forquilha,CE,4,477.45,119.3625000000000000
munhoz,MG,4,477.12,119.2800000000000000
santo antonio do amparo,MG,4,477.03,119.2575000000000000
nova alvorada do sul,MS,3,476.88,158.9600000000000000
pedro canario,ES,5,476.55,95.3100000000000000
sao joao,PE,1,476.52,476.5200000000000000
sitio novo do tocantins,TO,2,476.27,238.1350000000000000
santa cruz da conceicao,SP,4,476.27,119.0675000000000000
jacui,MG,4,475.87,118.9675000000000000
paulo jacinto,AL,2,475.58,237.7900000000000000
ladario,MS,5,475.57,95.1140000000000000
panorama,SP,5,474.64,94.9280000000000000
silveiras,SP,3,474.25,158.0833333333333333
martinho campos,MG,2,473.70,236.8500000000000000
alto jequitiba,MG,4,473.63,118.4075000000000000
jardim,CE,2,473.44,236.7200000000000000
sao miguel do gostoso,RN,2,473.04,236.5200000000000000
clementina,SP,4,472.98,118.2450000000000000
candido sales,BA,3,472.52,157.5066666666666667
barra de santa rosa,PB,2,472.32,236.1600000000000000
nova brasilandia d'oeste,RO,2,472.14,236.0700000000000000
joviania,GO,5,472.11,94.4220000000000000
imaculada,PB,3,471.91,157.3033333333333333
nova bassano,RS,4,471.77,117.9425000000000000
nova veneza,SC,3,470.90,156.9666666666666667
juruaia,MG,6,470.59,78.4316666666666667
riolandia,SP,3,470.31,156.7700000000000000
almino afonso,RN,1,470.01,470.0100000000000000
tupancireta,RS,4,469.51,117.3775000000000000
pinhao,SE,1,469.47,469.4700000000000000
mata grande,AL,2,469.35,234.6750000000000000
luminarias,MG,3,468.68,156.2266666666666667
piedade do rio grande,MG,3,466.90,155.6333333333333333
caravelas,BA,3,466.78,155.5933333333333333
nova palma,RS,2,466.62,233.3100000000000000
bandeira do sul,MG,2,466.29,233.1450000000000000
centenario do sul,PR,4,465.35,116.3375000000000000
boa vista do cadeado,RS,1,464.98,464.9800000000000000
alcantara,MA,1,464.86,464.8600000000000000
rodelas,BA,3,464.75,154.9166666666666667
junqueiro,AL,2,464.41,232.2050000000000000
guaraniacu,PR,5,463.62,92.7240000000000000
agua doce do norte,ES,4,463.52,115.8800000000000000
monte verde,MG,3,463.45,154.4833333333333333
governador celso ramos,SC,3,463.36,154.4533333333333333
anadia,AL,2,462.60,231.3000000000000000
arneiroz,CE,2,462.53,231.2650000000000000
vila flores,RS,3,462.50,154.1666666666666667
passira,PE,1,461.72,461.7200000000000000
jesuania,MG,5,461.09,92.2180000000000000
capinzal do norte,MA,2,460.60,230.3000000000000000
santa luzia,PB,5,460.49,92.0980000000000000
ibiam,SC,4,460.34,115.0850000000000000
itau de minas,MG,5,460.03,92.0060000000000000
lagoa real,BA,1,459.92,459.9200000000000000
itapemirim,ES,4,459.34,114.8350000000000000
sao paulo das missoes,RS,2,459.26,229.6300000000000000
humaita,AM,4,458.40,114.6000000000000000
mondai,SC,2,458.31,229.1550000000000000
arroio grande,RS,3,457.84,152.6133333333333333
japira,PR,3,457.63,152.5433333333333333
colombia,SP,5,457.24,91.4480000000000000
nossa senhora do o,PE,2,457.19,228.5950000000000000
sooretama,ES,5,456.35,91.2700000000000000
carambei,PR,3,456.25,152.0833333333333333
arandu,SP,4,455.65,113.9125000000000000
lontras,SC,3,455.59,151.8633333333333333
pitimbu,PB,1,455.11,455.1100000000000000
goianinha,RN,3,454.71,151.5700000000000000
taguatinga,TO,3,454.45,151.4833333333333333
santa lucia,SP,3,454.26,151.4200000000000000
ipaporanga,CE,2,453.81,226.9050000000000000
milagres,CE,2,452.89,226.4450000000000000
alto parana,PR,2,451.84,225.9200000000000000
sao pedro da uniao,MG,3,451.64,150.5466666666666667
aurea,RS,2,451.50,225.7500000000000000
carinhanha,BA,2,451.50,225.7500000000000000
balneario arroio do silva,SC,4,450.67,112.6675000000000000
altinho,PE,2,449.82,224.9100000000000000
indiara,GO,4,449.47,112.3675000000000000
sao joao do paraiso,MG,4,449.43,112.3575000000000000
redentora,RS,3,449.34,149.7800000000000000
sao martinho,RS,1,448.32,448.3200000000000000
afranio,PE,2,448.04,224.0200000000000000
sud mennucci,SP,5,448.01,89.6020000000000000
tanque novo,BA,3,447.39,149.1300000000000000
ribeirao do pinhal,PR,5,447.33,89.4660000000000000
cruzilia,MG,4,447.26,111.8150000000000000
jacinto machado,SC,4,447.17,111.7925000000000000
xapuri,AC,2,445.89,222.9450000000000000
manga,MG,3,445.79,148.5966666666666667
werneck,RJ,2,445.61,222.8050000000000000
iguatama,MG,4,445.56,111.3900000000000000
porto alegre do norte,MT,1,445.32,445.3200000000000000
aurora,CE,3,444.70,148.2333333333333333
rio claro,RJ,3,444.48,148.1600000000000000
balneario rincao,SC,3,444.30,148.1000000000000000
confins,MG,1,444.25,444.2500000000000000
cambuquira,MG,5,444.24,88.8480000000000000
bacuri,MA,3,444.21,148.0700000000000000
serra dos aimores,MG,5,443.08,88.6160000000000000
adolfo,SP,5,441.59,88.3180000000000000
reserva do cabacal,MT,2,440.88,220.4400000000000000
sao simao,GO,4,440.52,110.1300000000000000
piedade dos gerais,MG,3,440.16,146.7200000000000000
pedro ii,PI,2,440.15,220.0750000000000000
augusto correa,PA,3,440.00,146.6666666666666667
antonio cardoso,BA,2,439.92,219.9600000000000000
candido de abreu,PR,4,439.92,109.9800000000000000
santanesia,RJ,4,439.58,109.8950000000000000
planalto,PR,4,439.03,109.7575000000000000
dom pedro,MA,3,438.68,146.2266666666666667
satuba,AL,2,438.32,219.1600000000000000
tuparetama,PE,3,437.69,145.8966666666666667
tucunduva,RS,3,437.36,145.7866666666666667
sao joao batista do gloria,MG,3,436.83,145.6100000000000000
narandiba,SP,2,436.66,218.3300000000000000
sao roque do canaa,ES,5,436.01,87.2020000000000000
quintana,SP,4,435.85,108.9625000000000000
francisco badaro,MG,3,435.81,145.2700000000000000
rio maria,PA,3,435.57,145.1900000000000000
natividade,TO,1,435.27,435.2700000000000000
bonito,BA,2,435.25,217.6250000000000000
tres fronteiras,SP,5,434.82,86.9640000000000000
itinga,MG,3,434.67,144.8900000000000000
ribeirao,PE,4,434.53,108.6325000000000000
conceicao do tocantins,TO,3,433.97,144.6566666666666667
rio do oeste,SC,3,433.84,144.6133333333333333
moreira sales,PR,3,433.48,144.4933333333333333
rio casca,MG,5,433.47,86.6940000000000000
sales,SP,5,433.12,86.6240000000000000
erval grande,RS,2,432.74,216.3700000000000000
maripa,PR,3,432.73,144.2433333333333333
alto piquiri,PR,1,432.50,432.5000000000000000
inaja,PE,2,432.33,216.1650000000000000
bandeirantes do tocantins,TO,2,432.20,216.1000000000000000
canhotinho,PE,2,430.49,215.2450000000000000
alvorada d'oeste,RO,1,430.10,430.1000000000000000
amelia rodrigues,BA,3,430.02,143.3400000000000000
governador portela,RJ,4,430.01,107.5025000000000000
xambioa,TO,3,429.76,143.2533333333333333
aratuba,CE,2,429.74,214.8700000000000000
carnaubais,RN,2,429.65,214.8250000000000000
irape,SP,2,429.30,214.6500000000000000
pongai,SP,4,429.05,107.2625000000000000
caiaponia,GO,4,428.97,107.2425000000000000
saudades,SC,4,428.95,107.2375000000000000
santa rita de minas,MG,3,428.77,142.9233333333333333
iacanga,SP,6,427.95,71.3250000000000000
estreito,MA,3,427.65,142.5500000000000000
serrolandia,BA,3,427.35,142.4500000000000000
itapura,SP,6,426.60,71.1000000000000000
laranjal do jari,AP,2,426.18,213.0900000000000000
aurora,SC,2,425.47,212.7350000000000000
oiapoque,AP,1,425.24,425.2400000000000000
sao domingos do prata,MG,4,424.99,106.2475000000000000
feliz deserto,AL,2,423.75,211.8750000000000000
florai,PR,2,422.95,211.4750000000000000
paraibano,MA,3,422.91,140.9700000000000000
maximiliano de almeida,RS,3,422.55,140.8500000000000000
montalvania,MG,3,422.43,140.8100000000000000
madre de deus de minas,MG,3,422.11,140.7033333333333333
apuiares,CE,2,421.56,210.7800000000000000
jari,RS,4,421.21,105.3025000000000000
ibitira,BA,1,421.03,421.0300000000000000
santa tereza do oeste,PR,3,420.59,140.1966666666666667
vicentinopolis,GO,2,420.55,210.2750000000000000
camocim de sao felix,PE,2,420.26,210.1300000000000000
taciba,SP,2,419.60,209.8000000000000000
amanari,CE,1,419.39,419.3900000000000000
bandeira,MG,3,419.21,139.7366666666666667
nova veneza,GO,4,419.00,104.7500000000000000
valentim gentil,SP,3,418.87,139.6233333333333333
claudia,MT,4,418.37,104.5925000000000000
mata,RS,1,418.35,418.3500000000000000
capela de santana,RS,2,417.53,208.7650000000000000
governador eugenio barros,MA,1,417.45,417.4500000000000000
caldeirao grande,BA,3,417.25,139.0833333333333333
agua limpa,GO,1,416.80,416.8000000000000000
florida paulista,SP,4,416.53,104.1325000000000000
mucurici,ES,1,415.66,415.6600000000000000
prudente de morais,MG,4,415.57,103.8925000000000000
ribeirao do sul,SP,3,415.45,138.4833333333333333
embauba,SP,1,414.81,414.8100000000000000
ascurra,SC,4,414.25,103.5625000000000000
abadia dos dourados,MG,3,413.50,137.8333333333333333
virgolandia,MG,2,413.44,206.7200000000000000
cafeara,PR,3,413.16,137.7200000000000000
campos verdes,GO,1,413.04,413.0400000000000000
pingo-d'agua,MG,1,413.02,413.0200000000000000
acari,RN,1,412.43,412.4300000000000000
monsenhor tabosa,CE,3,412.32,137.4400000000000000
conceicao das pedras,MG,4,412.05,103.0125000000000000
chapada do norte,MG,2,411.87,205.9350000000000000
tomazina,PR,3,411.31,137.1033333333333333
sertao,RS,3,410.35,136.7833333333333333
caibate,RS,2,410.32,205.1600000000000000
pendencias,RN,2,410.02,205.0100000000000000
colonia vitoria,PR,5,409.73,81.9460000000000000
sao felix de minas,MG,1,409.50,409.5000000000000000
jumirim,SP,3,408.24,136.0800000000000000
fazenda nova,GO,4,407.77,101.9425000000000000
palmeiras de goias,GO,3,407.33,135.7766666666666667
pains,MG,3,406.77,135.5900000000000000
serra do ramalho,BA,4,406.72,101.6800000000000000
sao francisco do guapore,RO,2,405.61,202.8050000000000000
pindorama,SP,2,405.52,202.7600000000000000
pien,PR,4,405.37,101.3425000000000000
quitandinha,PR,2,405.09,202.5450000000000000
goncalves,MG,3,405.07,135.0233333333333333
sucupira do norte,MA,2,404.20,202.1000000000000000
indiapora,SP,3,404.14,134.7133333333333333
urupa,RO,3,403.21,134.4033333333333333
sobradinho,RS,3,403.11,134.3700000000000000
ouvidor,GO,1,401.07,401.0700000000000000
capao do cipo,RS,3,400.98,133.6600000000000000
senador cortes,MG,1,400.66,400.6600000000000000
cambara do sul,RS,1,400.64,400.6400000000000000
itatim,BA,3,400.46,133.4866666666666667
piranga,MG,4,400.39,100.0975000000000000
santa margarida,MG,2,400.35,200.1750000000000000
guidoval,MG,2,400.11,200.0550000000000000
cumaru,PE,2,399.98,199.9900000000000000
itacarambi,MG,3,399.58,133.1933333333333333
pocoes,BA,2,399.20,199.6000000000000000
alvaro de carvalho,SP,2,399.00,199.5000000000000000
conceicao da barra,ES,3,398.59,132.8633333333333333
chorozinho,CE,1,398.42,398.4200000000000000
itapaci,GO,4,398.11,99.5275000000000000
porto calvo,AL,2,397.93,198.9650000000000000
sao goncalo do rio preto,MG,3,397.90,132.6333333333333333
palmeira d'oeste,SP,5,396.91,79.3820000000000000
ibipitanga,BA,2,396.72,198.3600000000000000
arenapolis,MT,2,396.46,198.2300000000000000
brasil novo,PA,3,396.10,132.0333333333333333
sao jorge do ivai,PR,1,395.96,395.9600000000000000
guaruja do sul,SC,4,395.63,98.9075000000000000
jambeiro,SP,4,395.04,98.7600000000000000
igaci,AL,2,395.00,197.5000000000000000
caldas do jorro,BA,1,394.52,394.5200000000000000
juruena,MT,3,394.38,131.4600000000000000
santa clara do sul,RS,2,394.12,197.0600000000000000
angulo,PR,3,394.06,131.3533333333333333
morpara,BA,2,393.73,196.8650000000000000
uniao,PI,1,393.32,393.3200000000000000
tapejara,PR,2,393.24,196.6200000000000000
frei martinho,PB,2,393.21,196.6050000000000000
taquaracu de minas,MG,2,392.66,196.3300000000000000
itaituba,PA,3,392.63,130.8766666666666667
joaquim tavora,PR,3,392.01,130.6700000000000000
lavinia,SP,4,390.41,97.6025000000000000
iconha,ES,5,390.13,78.0260000000000000
oroco,PE,3,389.46,129.8200000000000000
indiana,SP,3,389.33,129.7766666666666667
itaquirai,MS,2,388.72,194.3600000000000000
macedonia,SP,4,388.43,97.1075000000000000
serra azul de minas,MG,2,388.01,194.0050000000000000
itiuba,BA,4,387.50,96.8750000000000000
campinapolis,MT,3,387.09,129.0300000000000000
bequimao,MA,1,386.15,386.1500000000000000
itapeva,MG,5,386.10,77.2200000000000000
tibagi,PR,4,386.07,96.5175000000000000
anita garibaldi,SC,5,385.93,77.1860000000000000
camutanga,PE,3,385.34,128.4466666666666667
santa monica,PR,2,384.83,192.4150000000000000
anta,RJ,4,384.52,96.1300000000000000
campestre,MG,3,384.32,128.1066666666666667
jundiai do sul,PR,3,384.01,128.0033333333333333
barra do mendes,BA,3,383.28,127.7600000000000000
belem,PB,1,383.03,383.0300000000000000
tabuleiro,MG,2,382.78,191.3900000000000000
florestal,MG,3,382.47,127.4900000000000000
tejupa,SP,3,382.40,127.4666666666666667
serrania,MG,2,382.17,191.0850000000000000
tocos,RJ,2,381.47,190.7350000000000000
nova lacerda,MT,1,380.75,380.7500000000000000
tres barras,SC,5,380.56,76.1120000000000000
barra do turvo,SP,3,380.50,126.8333333333333333
volta grande,MG,4,379.96,94.9900000000000000
pereiro,CE,3,379.74,126.5800000000000000
marechal deodoro,AL,1,379.20,379.2000000000000000
paripueira,AL,1,379.20,379.2000000000000000
moncoes,SP,2,379.13,189.5650000000000000
sao jose da bela vista,SP,3,379.07,126.3566666666666667
urubici,SC,3,378.58,126.1933333333333333
santa terezinha de itaipu,PR,3,378.11,126.0366666666666667
ipumirim,SC,5,377.52,75.5040000000000000
canapi,AL,1,377.32,377.3200000000000000
ponto novo,BA,1,377.00,377.0000000000000000
monnerat,RJ,2,376.86,188.4300000000000000
sao vicente,RN,2,376.41,188.2050000000000000
inimutaba,MG,2,376.39,188.1950000000000000
itanhomi,MG,4,375.53,93.8825000000000000
coroaci,MG,2,374.99,187.4950000000000000
belo vale,MG,3,374.48,124.8266666666666667
tangara,SC,1,373.82,373.8200000000000000
santa mariana,PR,4,373.35,93.3375000000000000
lagoa do ouro,PE,2,373.35,186.6750000000000000
sao jose do hortencio,RS,2,373.23,186.6150000000000000
moju,PA,4,372.88,93.2200000000000000
monte carlo,SC,3,372.87,124.2900000000000000
vargem alta,ES,5,372.35,74.4700000000000000
nipoa,SP,2,372.35,186.1750000000000000
irani,SC,4,372.32,93.0800000000000000
hulha negra,RS,1,372.06,372.0600000000000000
ibimirim,PE,3,372.03,124.0100000000000000
itapetim,PE,2,371.99,185.9950000000000000
reserva,PR,3,371.55,123.8500000000000000
bento de abreu,SP,2,371.48,185.7400000000000000
sideropolis,SC,4,371.11,92.7775000000000000
olho d'agua das cunhas,MA,2,370.97,185.4850000000000000
itapissuma,PE,3,370.86,123.6200000000000000
carmo da cachoeira,MG,4,370.64,92.6600000000000000
deputado irapuan pinheiro,CE,3,370.01,123.3366666666666667
pedro afonso,TO,3,368.90,122.9666666666666667
nova esperanca do sul,RS,2,368.64,184.3200000000000000
iepe,SP,5,368.51,73.7020000000000000
ita,SC,3,368.03,122.6766666666666667
papagaios,MG,4,367.66,91.9150000000000000
coremas,PB,3,367.59,122.5300000000000000
boa vista das missoes,RS,1,367.56,367.5600000000000000
sao francisco do conde,BA,3,367.33,122.4433333333333333
glicerio,SP,2,366.88,183.4400000000000000
trombudo central,SC,5,366.21,73.2420000000000000
vargem grande do rio pardo,MG,1,365.98,365.9800000000000000
maria da fe,MG,3,365.65,121.8833333333333333
aiuruoca,MG,4,365.03,91.2575000000000000
pilao arcado,BA,4,364.68,91.1700000000000000
curiuva,PR,4,364.52,91.1300000000000000
cassia,MG,6,364.41,60.7350000000000000
sume,PB,3,364.39,121.4633333333333333
jucas,CE,1,363.96,363.9600000000000000
cordeiros,BA,1,363.64,363.6400000000000000
novo sao joaquim,MT,3,362.64,120.8800000000000000
santa cruz,PE,2,362.46,181.2300000000000000
aguas de sao pedro,SP,3,362.31,120.7700000000000000
montanhas,RN,1,361.07,361.0700000000000000
tupandi,RS,3,361.04,120.3466666666666667
humildes,BA,1,360.81,360.8100000000000000
ubaporanga,MG,3,360.71,120.2366666666666667
monte gordo,BA,2,360.43,180.2150000000000000
palmitinho,RS,5,359.99,71.9980000000000000
barra do tarrachil,BA,3,359.94,119.9800000000000000
ibicoara,BA,3,359.84,119.9466666666666667
caninde de sao francisco,SE,2,359.83,179.9150000000000000
ivate,PR,3,358.34,119.4466666666666667
araci,BA,3,358.24,119.4133333333333333
porteirinha,MG,5,358.05,71.6100000000000000
ribeiraozinho,MT,2,358.01,179.0050000000000000
bonito,PA,2,357.60,178.8000000000000000
anchieta,SC,3,357.53,119.1766666666666667
santa barbara d oeste,SP,5,357.47,71.4940000000000000
imigrante,RS,3,357.35,119.1166666666666667
buriti dos lopes,PI,2,356.82,178.4100000000000000
vereda,BA,2,356.65,178.3250000000000000
gaurama,RS,3,356.61,118.8700000000000000
gilbues,PI,1,356.51,356.5100000000000000
santa izabel do oeste,PR,2,356.35,178.1750000000000000
cedro,CE,1,356.11,356.1100000000000000
ouro verde,SP,3,356.04,118.6800000000000000
pirenopolis,GO,4,355.74,88.9350000000000000
curralinho,PA,1,355.29,355.2900000000000000
pardinho,SP,1,355.06,355.0600000000000000
dona euzebia,MG,2,354.94,177.4700000000000000
cariri do tocantins,TO,2,354.26,177.1300000000000000
formoso do araguaia,TO,4,354.12,88.5300000000000000
arapei,SP,2,353.71,176.8550000000000000
santana da vargem,MG,4,353.60,88.4000000000000000
ubata,BA,2,353.25,176.6250000000000000
verissimo,MG,3,353.01,117.6700000000000000
centro novo do maranhao,MA,1,352.81,352.8100000000000000
vigia,PA,3,352.65,117.5500000000000000
ribeirao vermelho,MG,2,352.53,176.2650000000000000
renascenca,PR,4,352.23,88.0575000000000000
pocinhos,PB,3,351.92,117.3066666666666667
santa ines,BA,3,351.77,117.2566666666666667
sao luis do quitunde,AL,2,351.55,175.7750000000000000
jequia da praia,AL,2,351.24,175.6200000000000000
sao jose do rio claro,MT,2,351.05,175.5250000000000000
ceara-mirim,RN,2,351.02,175.5100000000000000
atalanta,SC,1,351.00,351.0000000000000000
joaquim nabuco,PE,4,350.45,87.6125000000000000
jose de freitas,PI,3,350.42,116.8066666666666667
itaporanga,PB,2,349.92,174.9600000000000000
pedra,PE,3,349.79,116.5966666666666667
mariluz,PR,2,349.65,174.8250000000000000
porto franco,MA,2,349.14,174.5700000000000000
pantano grande,RS,3,348.93,116.3100000000000000
constantina,RS,1,348.77,348.7700000000000000
cabeceira grande,MG,3,348.75,116.2500000000000000
cruzalia,SP,3,348.25,116.0833333333333333
piracuruca,PI,2,347.44,173.7200000000000000
santo antonio do jardim,SP,5,347.13,69.4260000000000000
botupora,BA,1,346.51,346.5100000000000000
americano do brasil,GO,3,346.29,115.4300000000000000
olho d'agua das flores,AL,3,346.07,115.3566666666666667
maranguape,CE,3,345.53,115.1766666666666667
vieiras,MG,1,345.15,345.1500000000000000
carneirinho,MG,3,345.03,115.0100000000000000
nova itaberaba,SC,2,344.77,172.3850000000000000
inubia paulista,SP,3,344.70,114.9000000000000000
princesa isabel,PB,1,344.62,344.6200000000000000
coluna,MG,3,344.56,114.8533333333333333
rancho queimado,SC,2,343.99,171.9950000000000000
pedrao,BA,1,343.71,343.7100000000000000
tunapolis,SC,1,343.68,343.6800000000000000
sao joao do triunfo,PR,3,343.40,114.4666666666666667
miranda,MS,4,343.16,85.7900000000000000
benevides,PA,2,343.03,171.5150000000000000
mari,PB,3,342.80,114.2666666666666667
itapagipe,MG,5,341.50,68.3000000000000000
quatigua,PR,5,341.35,68.2700000000000000
campestre do maranhao,MA,2,340.95,170.4750000000000000
nossa senhora de caravaggio,SC,2,340.34,170.1700000000000000
alto bela vista,SC,1,340.20,340.2000000000000000
mundo novo,GO,2,340.15,170.0750000000000000
dona francisca,RS,2,340.15,170.0750000000000000
alto garcas,MT,2,340.06,170.0300000000000000
viseu,PA,1,340.02,340.0200000000000000
oscar bressane,SP,3,339.93,113.3100000000000000
arealva,SP,4,339.88,84.9700000000000000
alagoinha,PB,2,339.52,169.7600000000000000
congonhinhas,PR,2,338.86,169.4300000000000000
candeias do jamari,RO,1,338.74,338.7400000000000000
santa teresinha,BA,2,338.10,169.0500000000000000
planalto,RS,3,337.81,112.6033333333333333
sete barras,SP,5,337.31,67.4620000000000000
rio negro,MS,1,336.89,336.8900000000000000
sao pedro da agua branca,MA,1,336.56,336.5600000000000000
igaratinga,MG,1,336.38,336.3800000000000000
vera,MT,3,336.24,112.0800000000000000
agua doce,SC,1,336.05,336.0500000000000000
buritis,RO,2,335.58,167.7900000000000000
vila rica,MT,3,335.36,111.7866666666666667
jardim,MS,3,334.97,111.6566666666666667
colorado do oeste,RO,3,334.64,111.5466666666666667
maurilandia,GO,4,334.51,83.6275000000000000
urai,PR,3,334.39,111.4633333333333333
antonio prado de minas,MG,3,334.21,111.4033333333333333
recreio,MG,3,334.19,111.3966666666666667
santaluz,BA,3,333.97,111.3233333333333333
divinesia,MG,1,333.51,333.5100000000000000
tomar do geru,SE,2,333.47,166.7350000000000000
sao jose do cerrito,SC,3,333.34,111.1133333333333333
wanderley,BA,2,333.11,166.5550000000000000
sao sebastiao do rio verde,MG,1,332.58,332.5800000000000000
rio bananal,ES,4,332.32,83.0800000000000000
abaiara,CE,2,332.15,166.0750000000000000
potengi,CE,2,331.95,165.9750000000000000
nova alvorada,RS,3,331.88,110.6266666666666667
inacio martins,PR,5,331.28,66.2560000000000000
riacho dos machados,MG,3,331.25,110.4166666666666667
maracana,SC,2,331.25,165.6250000000000000
nova monte verde,MT,3,330.93,110.3100000000000000
ibiraja,BA,2,330.14,165.0700000000000000
balneario gaivota,SC,3,329.12,109.7066666666666667
major vieira,SC,3,329.03,109.6766666666666667
bernardino de campos,SP,4,328.87,82.2175000000000000
arvorezinha,RS,4,328.79,82.1975000000000000
setubinha,MG,3,328.77,109.5900000000000000
indianopolis,PR,4,328.55,82.1375000000000000
saudade do iguacu,PR,4,328.37,82.0925000000000000
serra de sao bento,RN,2,328.15,164.0750000000000000
vista alegre do alto,SP,3,327.67,109.2233333333333333
alto rio novo,ES,2,327.23,163.6150000000000000
nova fatima,PR,4,326.79,81.6975000000000000
itambaraca,PR,2,326.27,163.1350000000000000
presidente tancredo neves,BA,4,325.58,81.3950000000000000
vicencia,PE,2,325.48,162.7400000000000000
nova soure,BA,3,325.43,108.4766666666666667
itamari,BA,3,324.99,108.3300000000000000
restinga seca,RS,3,324.33,108.1100000000000000
monteiro lobato,SP,1,324.01,324.0100000000000000
magalhaes de almeida,MA,1,323.52,323.5200000000000000
araripe,CE,2,323.37,161.6850000000000000
mirandiba,PE,3,323.16,107.7200000000000000
rechan,SP,2,322.37,161.1850000000000000
bom jesus da serra,BA,2,322.29,161.1450000000000000
motuca,SP,3,322.25,107.4166666666666667
ibiara,PB,1,321.98,321.9800000000000000
chapadao do lageado,SC,1,321.90,321.9000000000000000
novo oriente,CE,3,321.40,107.1333333333333333
jeronimo monteiro,ES,2,321.11,160.5550000000000000
ibiaca,RS,2,320.87,160.4350000000000000
ocaucu,SP,5,320.77,64.1540000000000000
guariroba,SP,2,320.56,160.2800000000000000
piacabucu,AL,2,320.40,160.2000000000000000
sao paulo do potengi,RN,2,319.78,159.8900000000000000
novo alegre,TO,1,319.09,319.0900000000000000
arroio do tigre,RS,2,319.00,159.5000000000000000
aguas frias,SC,1,318.98,318.9800000000000000
porto rico,PR,1,318.92,318.9200000000000000
rondon,PR,2,318.86,159.4300000000000000
rancho alegre,PR,2,318.71,159.3550000000000000
placas,PA,2,318.58,159.2900000000000000
pocao,PE,1,318.53,318.5300000000000000
junco do serido,PB,2,318.42,159.2100000000000000
sao joao do oriente,MG,2,318.11,159.0550000000000000
delfinopolis,MG,3,318.02,106.0066666666666667
canitar,SP,2,317.92,158.9600000000000000
medeiros,MG,2,317.70,158.8500000000000000
flores,PE,1,317.51,317.5100000000000000
candido mendes,MA,1,316.58,316.5800000000000000
cajari,MA,1,316.30,316.3000000000000000
laranjal,MG,1,316.30,316.3000000000000000
sangao,SC,3,316.25,105.4166666666666667
janiopolis,PR,3,316.22,105.4066666666666667
pau brasil,BA,1,315.92,315.9200000000000000
igreja nova,AL,2,315.91,157.9550000000000000
agua branca,PB,2,315.59,157.7950000000000000
umbauba,SE,3,315.39,105.1300000000000000
salto do ceu,MT,4,315.24,78.8100000000000000
luisburgo,MG,2,314.57,157.2850000000000000
cantagalo,MG,2,314.40,157.2000000000000000
sao vicente ferrer,MA,1,314.37,314.3700000000000000
dom vicoso,MG,2,313.80,156.9000000000000000
santa luzia,MA,2,313.52,156.7600000000000000
perola,PR,2,313.31,156.6550000000000000
campanario,MG,2,313.29,156.6450000000000000
icarai de minas,MG,2,313.03,156.5150000000000000
areia branca,RN,3,312.99,104.3300000000000000
sao pedro de alcantara,SC,2,312.91,156.4550000000000000
divinolandia de minas,MG,5,312.82,62.5640000000000000
borrazopolis,PR,2,312.23,156.1150000000000000
sao jose dos quatro marcos,MT,2,312.23,156.1150000000000000
doverlandia,GO,2,311.87,155.9350000000000000
buenos aires,PE,2,311.83,155.9150000000000000
mirinzal,MA,3,311.65,103.8833333333333333
formigueiro,RS,2,311.27,155.6350000000000000
romaria,MG,2,310.46,155.2300000000000000
ouro,SC,1,310.25,310.2500000000000000
paranhos,MS,1,309.99,309.9900000000000000
quixabeira,BA,3,309.42,103.1400000000000000
campo do meio,MG,4,309.08,77.2700000000000000
nova cantu,PR,3,309.01,103.0033333333333333
carvalhopolis,MG,3,308.84,102.9466666666666667
ivinhema,MS,3,308.82,102.9400000000000000
iracema,CE,2,308.77,154.3850000000000000
alterosa,MG,3,308.64,102.8800000000000000
bonfim,MG,4,308.55,77.1375000000000000
batalha,AL,3,308.10,102.7000000000000000
diamante d'oeste,PR,1,307.69,307.6900000000000000
pirauba,MG,3,307.69,102.5633333333333333
lencois,BA,1,307.68,307.6800000000000000
sao jose do campestre,RN,1,307.46,307.4600000000000000
altamira do parana,PR,2,307.11,153.5550000000000000
ipaumirim,CE,1,307.11,307.1100000000000000
nova erechim,SC,3,306.78,102.2600000000000000
coracao de maria,BA,1,306.06,306.0600000000000000
pirambu,SE,1,305.77,305.7700000000000000
serranopolis do iguacu,PR,2,305.73,152.8650000000000000
sao joao de pirabas,PA,2,305.33,152.6650000000000000
cortes,PE,2,305.32,152.6600000000000000
araponga,MG,2,305.13,152.5650000000000000
santa helena de minas,MG,2,303.63,151.8150000000000000
sapeacu,BA,2,303.47,151.7350000000000000
taboquinhas,BA,1,303.27,303.2700000000000000
monte alegre de minas,MG,4,302.91,75.7275000000000000
patu,RN,3,302.87,100.9566666666666667
pouso alto,MG,3,302.81,100.9366666666666667
jabora,SC,2,302.79,151.3950000000000000
riqueza,SC,3,302.68,100.8933333333333333
santo antonio do caiua,PR,1,302.55,302.5500000000000000
presidente juscelino,MA,1,302.46,302.4600000000000000
goiabeira,MG,2,302.27,151.1350000000000000
salto do jacui,RS,4,301.94,75.4850000000000000
rio do antonio,BA,2,301.75,150.8750000000000000
condor,RS,4,301.47,75.3675000000000000
bom jesus das selvas,MA,2,301.42,150.7100000000000000
leopoldo de bulhoes,GO,1,300.76,300.7600000000000000
porto trombetas,PA,2,300.29,150.1450000000000000
boqueirao do leao,RS,2,300.14,150.0700000000000000
joao alfredo,PE,3,300.07,100.0233333333333333
sao jose do belmonte,PE,2,299.84,149.9200000000000000
pentecoste,CE,2,299.21,149.6050000000000000
boca da mata,AL,2,298.03,149.0150000000000000
ilha comprida,SP,4,297.69,74.4225000000000000
maravilha,AL,2,297.54,148.7700000000000000
aragarcas,GO,4,296.91,74.2275000000000000
triunfo,PE,2,296.53,148.2650000000000000
santana dos montes,MG,2,296.46,148.2300000000000000
sao jose da laje,AL,2,296.36,148.1800000000000000
livramento,PB,1,295.99,295.9900000000000000
uruoca,CE,2,295.57,147.7850000000000000
santa terezinha,PE,1,295.52,295.5200000000000000
rosana,SP,4,295.31,73.8275000000000000
catarina,CE,3,295.29,98.4300000000000000
moreilandia,PE,2,295.12,147.5600000000000000
itaipulandia,PR,6,294.60,49.1000000000000000
japi,RN,1,294.19,294.1900000000000000
crisopolis,BA,4,293.57,73.3925000000000000
angical,BA,1,293.50,293.5000000000000000
santo expedito,SP,1,293.46,293.4600000000000000
americo de campos,SP,1,293.36,293.3600000000000000
paranaiguara,GO,3,293.35,97.7833333333333333
palmeiras,BA,2,292.30,146.1500000000000000
itambe,PR,1,292.28,292.2800000000000000
bataypora,MS,2,292.02,146.0100000000000000
campina do monte alegre,SP,2,291.99,145.9950000000000000
barras,PI,3,291.68,97.2266666666666667
miraima,CE,2,291.30,145.6500000000000000
engenheiro passos,RJ,2,291.24,145.6200000000000000
tuparendi,RS,2,291.12,145.5600000000000000
rio de contas,BA,3,290.72,96.9066666666666667
parai,RS,3,290.60,96.8666666666666667
sao jose da coroa grande,PE,2,289.79,144.8950000000000000
rubim,MG,3,289.48,96.4933333333333333
santo antonio do itambe,MG,3,289.47,96.4900000000000000
armazem,SC,2,289.35,144.6750000000000000
ibiapina,CE,3,289.34,96.4466666666666667
itabaianinha,SE,2,289.33,144.6650000000000000
mendonca,SP,4,289.08,72.2700000000000000
barauna,RN,1,288.37,288.3700000000000000
milha,CE,2,288.30,144.1500000000000000
ipigua,SP,2,287.66,143.8300000000000000
irupi,ES,2,287.63,143.8150000000000000
manduri,SP,3,287.21,95.7366666666666667
chapadinha,MA,3,287.06,95.6866666666666667
buritirama,BA,2,286.11,143.0550000000000000
tabapora,MT,2,286.07,143.0350000000000000
merces,MG,4,285.82,71.4550000000000000
mucuge,BA,1,285.74,285.7400000000000000
caiana,MG,3,285.61,95.2033333333333333
santana do ipanema,AL,1,285.45,285.4500000000000000
uirauna,PB,1,285.36,285.3600000000000000
sao jose do turvo,RJ,3,285.36,95.1200000000000000
alto horizonte,GO,2,285.15,142.5750000000000000
guamiranga,PR,1,284.89,284.8900000000000000
olindina,BA,3,284.41,94.8033333333333333
gastao vidigal,SP,3,283.72,94.5733333333333333
piumhi,MG,3,283.52,94.5066666666666667
glorinha,RS,2,283.30,141.6500000000000000
vargem alegre,MG,2,283.15,141.5750000000000000
acegua,RS,2,282.39,141.1950000000000000
presidente kennedy,ES,2,282.31,141.1550000000000000
monte alverne,RS,1,282.01,282.0100000000000000
agronomica,SC,2,281.50,140.7500000000000000
santana do manhuacu,MG,3,281.44,93.8133333333333333
sao vicente ferrer,PE,2,281.39,140.6950000000000000
cocais,MG,1,281.30,281.3000000000000000
novo oriente de minas,MG,1,281.00,281.0000000000000000
sarapui,SP,2,280.89,140.4450000000000000
minas do leao,RS,1,280.72,280.7200000000000000
carmesia,MG,1,280.63,280.6300000000000000
santa ernestina,SP,2,280.13,140.0650000000000000
trabiju,SP,1,279.91,279.9100000000000000
irineopolis,SC,4,279.87,69.9675000000000000
potim,SP,2,279.84,139.9200000000000000
feliz natal,MT,1,279.38,279.3800000000000000
cristiano otoni,MG,2,279.38,139.6900000000000000
muniz freire,ES,2,279.13,139.5650000000000000
porto esperidiao,MT,2,278.83,139.4150000000000000
itanhem,BA,1,278.66,278.6600000000000000
alto rio doce,MG,4,278.55,69.6375000000000000
varzelandia,MG,3,277.90,92.6333333333333333
chaveslandia,MG,2,277.51,138.7550000000000000
salto do itarare,PR,1,276.47,276.4700000000000000
resende costa,MG,3,276.09,92.0300000000000000
ametista do sul,RS,2,275.51,137.7550000000000000
galinhos,RN,1,275.48,275.4800000000000000
santo antonio do grama,MG,2,275.36,137.6800000000000000
nossa senhora da gloria,SE,2,274.72,137.3600000000000000
nazario,GO,2,274.39,137.1950000000000000
tenente ananias,RN,1,273.92,273.9200000000000000
silvanopolis,TO,1,273.88,273.8800000000000000
tavares,RS,1,273.62,273.6200000000000000
luzilandia,PI,3,273.01,91.0033333333333333
quipapa,PE,1,272.99,272.9900000000000000
nova olimpia,MT,2,272.04,136.0200000000000000
paulo lopes,SC,2,271.66,135.8300000000000000
sao tome,PR,2,271.55,135.7750000000000000
pimenta,MG,2,271.26,135.6300000000000000
puxinana,PB,1,271.03,271.0300000000000000
nova vicosa,BA,1,271.01,271.0100000000000000
sao domingos do araguaia,PA,1,270.65,270.6500000000000000
muliterno,RS,1,270.45,270.4500000000000000
luiziania,SP,3,270.23,90.0766666666666667
grao para,SC,3,269.93,89.9766666666666667
santa mercedes,SP,2,269.57,134.7850000000000000
parambu,CE,4,269.22,67.3050000000000000
paraiso do norte,PR,3,269.21,89.7366666666666667
bodoco,PE,2,269.03,134.5150000000000000
itamogi,MG,2,269.03,134.5150000000000000
rio formoso,PE,2,268.93,134.4650000000000000
brejo grande,SE,1,268.84,268.8400000000000000
espirito santo do turvo,SP,2,268.84,134.4200000000000000
riacho das almas,PE,2,268.77,134.3850000000000000
irapua,SP,4,268.14,67.0350000000000000
aquidauana,MS,4,268.09,67.0225000000000000
santo antonio do sudoeste,PR,3,268.07,89.3566666666666667
quijingue,BA,2,268.06,134.0300000000000000
terra nova,PE,1,267.93,267.9300000000000000
itaguacu da bahia,BA,1,267.89,267.8900000000000000
ibiraiaras,RS,2,267.71,133.8550000000000000
wenceslau guimaraes,BA,2,267.23,133.6150000000000000
diorama,GO,2,266.92,133.4600000000000000
mercedes,PR,2,266.38,133.1900000000000000
sao felix do coribe,BA,1,266.06,266.0600000000000000
carnaubal,CE,2,265.88,132.9400000000000000
luizlandia do oeste,MG,2,265.31,132.6550000000000000
botelho,SP,1,265.04,265.0400000000000000
boa vista da aparecida,PR,4,264.63,66.1575000000000000
sao sebastiao da boa vista,PA,2,264.60,132.3000000000000000
tobias barreto,SE,2,264.52,132.2600000000000000
rodeio bonito,RS,2,264.44,132.2200000000000000
vale real,RS,3,264.34,88.1133333333333333
itapitanga,BA,3,264.09,88.0300000000000000
descoberto,MG,3,264.02,88.0066666666666667
alianca do tocantins,TO,2,264.00,132.0000000000000000
campo alegre do fidalgo,PI,1,263.94,263.9400000000000000
padre bernardo,GO,4,263.69,65.9225000000000000
tacaratu,PE,2,263.65,131.8250000000000000
cabralia paulista,SP,4,263.31,65.8275000000000000
itaporanga d'ajuda,SE,1,263.24,263.2400000000000000
timbe do sul,SC,3,262.92,87.6400000000000000
jampruca,MG,1,262.83,262.8300000000000000
meleiro,SC,3,262.79,87.5966666666666667
corguinho,MS,2,262.67,131.3350000000000000
osvaldo kroeff,RS,1,262.16,262.1600000000000000
ibicare,SC,2,262.09,131.0450000000000000
santa cruz de salinas,MG,2,261.72,130.8600000000000000
mata roma,MA,2,260.91,130.4550000000000000
sao jose do barreiro,SP,3,260.89,86.9633333333333333
alpercata,MG,2,260.77,130.3850000000000000
teolandia,BA,4,260.77,65.1925000000000000
sarandi,RS,5,260.38,52.0760000000000000
manoel viana,RS,3,260.36,86.7866666666666667
frei lagonegro,MG,1,260.34,260.3400000000000000
novo repartimento,PA,2,260.16,130.0800000000000000
santo eduardo,RJ,2,260.06,130.0300000000000000
colorado,RS,3,259.80,86.6000000000000000
alto alegre do pindare,MA,1,259.56,259.5600000000000000
agua clara,MS,2,259.17,129.5850000000000000
macambira,SE,1,259.15,259.1500000000000000
santana,BA,3,258.77,86.2566666666666667
sao luis do curu,CE,2,258.71,129.3550000000000000
itape,BA,1,258.56,258.5600000000000000
turvo,SC,4,258.53,64.6325000000000000
sao jose dos cordeiros,PB,1,258.03,258.0300000000000000
belo campo,BA,3,257.64,85.8800000000000000
redencao do gurgueia,PI,1,257.56,257.5600000000000000
estrela d'oeste,SP,1,257.45,257.4500000000000000
mineiros do tiete,SP,3,257.34,85.7800000000000000
urucuca,BA,2,257.27,128.6350000000000000
neopolis,SE,1,257.10,257.1000000000000000
aparecida de sao manuel,SP,2,256.79,128.3950000000000000
corumbaiba,GO,4,256.47,64.1175000000000000
coronel murta,MG,1,255.84,255.8400000000000000
sao sebastiao do maranhao,MG,3,255.21,85.0700000000000000
planaltino,BA,1,254.44,254.4400000000000000
ipora,PR,2,254.26,127.1300000000000000
arraias,TO,2,254.23,127.1150000000000000
sao miguel do anta,MG,1,254.09,254.0900000000000000
pequizeiro,TO,1,253.98,253.9800000000000000
sericita,MG,2,253.62,126.8100000000000000
buique,PE,1,253.09,253.0900000000000000
jaciara,MT,3,252.88,84.2933333333333333
ciriaco,RS,1,252.74,252.7400000000000000
nonoai,RS,2,252.67,126.3350000000000000
novo oriente do piaui,PI,2,252.57,126.2850000000000000
guimaraes,MA,1,252.11,252.1100000000000000
boa vista do burica,RS,1,252.09,252.0900000000000000
ararica,RS,2,252.00,126.0000000000000000
guapiara,SP,3,251.95,83.9833333333333333
nova laranjeiras,PR,1,251.59,251.5900000000000000
carutapera,MA,2,251.23,125.6150000000000000
prados,MG,3,250.95,83.6500000000000000
wenceslau braz,PR,2,250.51,125.2550000000000000
martins,RN,2,250.31,125.1550000000000000
cerro azul,PR,4,250.18,62.5450000000000000
rubiacea,SP,2,250.15,125.0750000000000000
lunardelli,PR,2,250.08,125.0400000000000000
santo antonio da alegria,SP,3,250.03,83.3433333333333333
queluz,SP,2,249.90,124.9500000000000000
caraibas,BA,1,249.80,249.8000000000000000
cristais,MG,3,249.61,83.2033333333333333
uniao do sul,MT,1,249.20,249.2000000000000000
lupionopolis,PR,2,248.77,124.3850000000000000
manoel urbano,AC,1,248.71,248.7100000000000000
itapora,MS,3,248.44,82.8133333333333333
passos maia,SC,2,248.10,124.0500000000000000
leandro ferreira,MG,2,248.10,124.0500000000000000
ribeira,SP,3,248.03,82.6766666666666667
mombaca,CE,1,247.98,247.9800000000000000
riachao das neves,BA,2,247.77,123.8850000000000000
sao jose do goiabal,MG,2,247.67,123.8350000000000000
oeiras do para,PA,2,247.46,123.7300000000000000
conceicao do jacuipe,BA,3,247.08,82.3600000000000000
guaraciaba,MG,2,246.93,123.4650000000000000
presidente dutra,BA,3,246.62,82.2066666666666667
mamonas,MG,1,246.36,246.3600000000000000
portela,RJ,1,246.26,246.2600000000000000
sao domingos do sul,RS,1,246.19,246.1900000000000000
antonio carlos,SC,2,245.94,122.9700000000000000
imbe de minas,MG,2,245.81,122.9050000000000000
carlinda,MT,2,245.67,122.8350000000000000
santa barbara do para,PA,1,245.45,245.4500000000000000
ajuricaba,RS,2,245.37,122.6850000000000000
alvarenga,MG,2,245.11,122.5550000000000000
bom jesus do sul,PR,1,245.10,245.1000000000000000
ibitioca,RJ,1,244.91,244.9100000000000000
diogo de vasconcelos,MG,2,244.71,122.3550000000000000
iraucuba,CE,2,244.13,122.0650000000000000
curvelandia,MT,1,243.78,243.7800000000000000
pindobacu,BA,3,243.72,81.2400000000000000
jequitai,MG,2,243.30,121.6500000000000000
ipixuna do para,PA,2,242.99,121.4950000000000000
urucurituba,AM,2,242.94,121.4700000000000000
guamare,RN,2,242.64,121.3200000000000000
couto de magalhaes,TO,2,242.63,121.3150000000000000
progresso,RS,1,242.59,242.5900000000000000
mirante do paranapanema,SP,3,242.49,80.8300000000000000
quilombo,SC,4,240.79,60.1975000000000000
ielmo marinho,RN,2,240.32,120.1600000000000000
campo alegre de goias,GO,2,240.27,120.1350000000000000
sao domingos,BA,3,239.44,79.8133333333333333
capetinga,MG,2,239.37,119.6850000000000000
coroados,SP,2,239.34,119.6700000000000000
bueno brandao,MG,4,238.33,59.5825000000000000
palminopolis,GO,1,237.94,237.9400000000000000
herval,RS,2,237.65,118.8250000000000000
santo antonio do leste,MT,1,237.55,237.5500000000000000
santo expedito do sul,RS,1,237.54,237.5400000000000000
gramado dos loureiros,RS,1,237.54,237.5400000000000000
flora rica,SP,1,237.26,237.2600000000000000
roca sales,RS,2,237.16,118.5800000000000000
eneas marques,PR,4,237.15,59.2875000000000000
jaguaquara,BA,2,237.14,118.5700000000000000
teofilandia,BA,3,236.92,78.9733333333333333
tres arroios,RS,3,236.80,78.9333333333333333
carire,CE,3,236.28,78.7600000000000000
itapage,CE,1,236.13,236.1300000000000000
laje do muriae,RJ,1,235.28,235.2800000000000000
cabixi,RO,1,234.50,234.5000000000000000
serra dourada,BA,2,234.20,117.1000000000000000
lagoa de velhos,RN,1,234.19,234.1900000000000000
morro redondo,RS,1,233.66,233.6600000000000000
areia,PB,2,233.46,116.7300000000000000
tunas do parana,PR,2,233.30,116.6500000000000000
rio preto,MG,4,233.20,58.3000000000000000
canudos,BA,1,232.89,232.8900000000000000
serra bonita,MG,1,232.82,232.8200000000000000
santa rosa de lima,SC,3,232.79,77.5966666666666667
divisa alegre,MG,2,232.35,116.1750000000000000
flor da serra do sul,PR,2,232.06,116.0300000000000000
novo barreiro,RS,2,232.03,116.0150000000000000
ilopolis,RS,3,231.58,77.1933333333333333
dom joaquim,MG,2,231.35,115.6750000000000000
doutor camargo,PR,1,230.63,230.6300000000000000
xique-xique,BA,3,230.56,76.8533333333333333
campo alegre,SC,2,230.39,115.1950000000000000
witmarsum,SC,3,230.35,76.7833333333333333
cipo,BA,1,230.12,230.1200000000000000
satubinha,MA,2,229.97,114.9850000000000000
buriti,MA,1,229.90,229.9000000000000000
zacarias,SP,2,229.85,114.9250000000000000
telha,SE,1,229.65,229.6500000000000000
sao joao do ivai,PR,2,229.56,114.7800000000000000
cumari,GO,2,229.51,114.7550000000000000
goianorte,TO,2,229.50,114.7500000000000000
ipe,RS,2,229.22,114.6100000000000000
ressaquinha,MG,1,229.07,229.0700000000000000
alambari,SP,3,228.94,76.3133333333333333
saubara,BA,1,228.60,228.6000000000000000
ipueira,RN,1,228.57,228.5700000000000000
sao joao da mata,MG,2,228.39,114.1950000000000000
cavalcante,GO,2,228.07,114.0350000000000000
senador amaral,MG,2,228.00,114.0000000000000000
avai,SP,1,227.96,227.9600000000000000
agua santa,RS,2,227.59,113.7950000000000000
alto alegre do iguacu,PR,2,227.25,113.6250000000000000
alvares florence,SP,2,227.23,113.6150000000000000
nova canaa do norte,MT,3,227.15,75.7166666666666667
morro da garca,MG,1,227.14,227.1400000000000000
barra de sao miguel,AL,2,226.64,113.3200000000000000
mato leitao,RS,2,226.59,113.2950000000000000
ataleia,MG,3,226.59,75.5300000000000000
chacara,MG,2,226.28,113.1400000000000000
erere,CE,1,226.23,226.2300000000000000
sao jose da vitoria,BA,2,225.76,112.8800000000000000
dario meira,BA,2,225.26,112.6300000000000000
floreal,SP,2,225.00,112.5000000000000000
francisco dantas,RN,1,224.78,224.7800000000000000
abare,BA,2,224.73,112.3650000000000000
araguana,MA,1,224.07,224.0700000000000000
lourdes,SP,2,223.84,111.9200000000000000
calcado,PE,1,223.54,223.5400000000000000
pocrane,MG,3,223.12,74.3733333333333333
irara,BA,2,222.82,111.4100000000000000
david canabarro,RS,2,222.77,111.3850000000000000
muritiba,BA,1,222.63,222.6300000000000000
paranacity,PR,3,222.60,74.2000000000000000
aramari,BA,2,222.56,111.2800000000000000
poloni,SP,3,222.41,74.1366666666666667
cerro grande do sul,RS,2,222.36,111.1800000000000000
pacoti,CE,2,222.29,111.1450000000000000
berizal,MG,1,221.98,221.9800000000000000
alexandria,RN,2,221.92,110.9600000000000000
boquim,SE,1,221.82,221.8200000000000000
alvorada do norte,GO,3,221.72,73.9066666666666667
picui,PB,2,221.71,110.8550000000000000
correntes,PE,1,221.59,221.5900000000000000
santo antonio do planalto,RS,1,221.07,221.0700000000000000
sao miguel das matas,BA,1,221.00,221.0000000000000000
azurita,MG,3,220.85,73.6166666666666667
fagundes,PB,1,220.74,220.7400000000000000
herculandia,SP,3,220.64,73.5466666666666667
japoata,SE,1,220.60,220.6000000000000000
cotriguacu,MT,2,220.48,110.2400000000000000
montezuma,MG,2,220.35,110.1750000000000000
abatia,PR,3,220.19,73.3966666666666667
salgado filho,PR,3,219.94,73.3133333333333333
santa rita d'oeste,SP,3,219.73,73.2433333333333333
sao domingos do maranhao,MA,2,219.51,109.7550000000000000
hidrolina,GO,2,218.96,109.4800000000000000
tiros,MG,3,218.66,72.8866666666666667
dourado,CE,1,218.58,218.5800000000000000
bom jesus do amparo,MG,1,218.54,218.5400000000000000
ibiassuce,BA,2,218.42,109.2100000000000000
santa rosa do sul,SC,1,218.27,218.2700000000000000
clevelandia,PR,3,218.19,72.7300000000000000
mara rosa,GO,2,218.17,109.0850000000000000
america dourada,BA,1,217.92,217.9200000000000000
general maynard,SE,1,217.85,217.8500000000000000
parnarama,MA,1,217.82,217.8200000000000000
xavantina,SC,2,217.71,108.8550000000000000
galia,SP,1,217.64,217.6400000000000000
santa rita do ibitipoca,MG,2,216.81,108.4050000000000000
sao goncalo do abaete,MG,2,216.48,108.2400000000000000
vicentina,MS,1,216.07,216.0700000000000000
tururu,CE,1,215.60,215.6000000000000000
sambaiba,MA,1,215.47,215.4700000000000000
conceicao do formoso,MG,1,215.24,215.2400000000000000
botuvera,SC,2,215.17,107.5850000000000000
andrequice,MG,1,215.14,215.1400000000000000
macuco de minas,MG,1,215.14,215.1400000000000000
capao da porteira,RS,2,215.13,107.5650000000000000
gaucha do norte,MT,2,214.94,107.4700000000000000
cachoeira da prata,MG,2,214.43,107.2150000000000000
fontoura xavier,RS,1,214.16,214.1600000000000000
moema,MG,1,214.12,214.1200000000000000
pocao de pedras,MA,1,214.05,214.0500000000000000
pinheiros,SP,1,213.83,213.8300000000000000
rio das antas,SC,2,213.78,106.8900000000000000
frecheirinha,CE,2,213.71,106.8550000000000000
mira estrela,SP,1,213.56,213.5600000000000000
baixa grande do ribeiro,PI,1,213.47,213.4700000000000000
agua branca,PI,2,213.41,106.7050000000000000
sao joao de iracema,SP,3,213.38,71.1266666666666667
bossoroca,RS,1,213.34,213.3400000000000000
jussari,BA,2,213.19,106.5950000000000000
ritapolis,MG,3,212.33,70.7766666666666667
fruta de leite,MG,2,212.16,106.0800000000000000
jatauba,PE,2,212.12,106.0600000000000000
cachoeira do brumado,MG,1,211.17,211.1700000000000000
chopinzinho,PR,4,211.14,52.7850000000000000
campina das missoes,RS,2,211.00,105.5000000000000000
estrela do norte,SP,3,210.77,70.2566666666666667
nortelandia,MT,1,210.64,210.6400000000000000
sao roque de minas,MG,2,210.54,105.2700000000000000
rinopolis,SP,3,210.49,70.1633333333333333
panelas,PE,2,210.49,105.2450000000000000
guape,MG,1,210.48,210.4800000000000000
pastos bons,MA,2,210.22,105.1100000000000000
ladainha,MG,2,210.21,105.1050000000000000
nova canaa,BA,2,210.08,105.0400000000000000
ventania,PR,3,209.88,69.9600000000000000
nova campina,SP,2,209.52,104.7600000000000000
isaias coelho,PI,1,209.46,209.4600000000000000
jaguari,RS,3,209.34,69.7800000000000000
espigao alto do iguacu,PR,2,209.32,104.6600000000000000
bugre,MG,1,209.30,209.3000000000000000
rio branco,MT,4,209.17,52.2925000000000000
inconfidentes,MG,2,208.97,104.4850000000000000
macaparana,PE,2,208.71,104.3550000000000000
sao bernardino,SC,1,208.48,208.4800000000000000
celina,ES,2,208.23,104.1150000000000000
acaiaca,MG,2,207.90,103.9500000000000000
maquine,RS,1,207.40,207.4000000000000000
sao francisco do humaita,MG,1,207.32,207.3200000000000000
matrincha,GO,2,207.18,103.5900000000000000
salvador do sul,RS,1,206.99,206.9900000000000000
santana do deserto,MG,1,206.99,206.9900000000000000
carmo do rio verde,GO,2,206.32,103.1600000000000000
macambara,RS,2,205.72,102.8600000000000000
engenheiro balduino,SP,1,205.54,205.5400000000000000
fortim,CE,1,205.53,205.5300000000000000
lagoa nova,RN,2,205.20,102.6000000000000000
pedras de fogo,PB,2,204.63,102.3150000000000000
lagoa da canoa,AL,1,204.53,204.5300000000000000
arantina,MG,1,204.41,204.4100000000000000
apuarema,BA,1,204.38,204.3800000000000000
mae do rio,PA,2,203.61,101.8050000000000000
monteiropolis,AL,1,203.43,203.4300000000000000
sao jose do serido,RN,1,203.31,203.3100000000000000
cocalzinho de goias,GO,1,203.08,203.0800000000000000
abaira,BA,2,203.00,101.5000000000000000
guajara-mirim,RO,3,202.85,67.6166666666666667
belmonte,SC,1,202.50,202.5000000000000000
aguas de santa barbara,SP,3,202.03,67.3433333333333333
saboeiro,CE,1,201.83,201.8300000000000000
palmital,PR,1,201.75,201.7500000000000000
alto alegre,PR,2,200.69,100.3450000000000000
luz,MG,2,200.53,100.2650000000000000
porto de pedras,AL,1,200.35,200.3500000000000000
ribeiro junqueira,MG,1,200.33,200.3300000000000000
urucania,MG,1,200.33,200.3300000000000000
quixelo,CE,2,200.25,100.1250000000000000
lucianopolis,SP,2,199.97,99.9850000000000000
tabocas do brejo velho,BA,3,199.96,66.6533333333333333
aguia branca,ES,2,199.94,99.9700000000000000
iramaia,BA,2,199.37,99.6850000000000000
sao joao do manhuacu,MG,2,199.26,99.6300000000000000
aparecida de monte alto,SP,1,199.26,199.2600000000000000
capitao andrade,MG,1,199.00,199.0000000000000000
curral de cima,PB,1,199.00,199.0000000000000000
pancas,ES,1,198.90,198.9000000000000000
varzea alegre,CE,2,198.65,99.3250000000000000
bocaina,PI,1,198.62,198.6200000000000000
triunfo,PB,1,198.57,198.5700000000000000
emilianopolis,SP,2,198.49,99.2450000000000000
carlos chagas,MG,3,198.46,66.1533333333333333
lindoeste,PR,2,198.25,99.1250000000000000
capivari do sul,RS,1,197.95,197.9500000000000000
ichu,BA,2,197.92,98.9600000000000000
pequi,MG,1,197.50,197.5000000000000000
apore,GO,1,197.38,197.3800000000000000
claraval,MG,1,197.04,197.0400000000000000
jaboti,PR,2,196.96,98.4800000000000000
jaguaruna,SC,2,196.89,98.4450000000000000
sao goncalo do rio das pedras,MG,1,196.50,196.5000000000000000
jose da penha,RN,1,196.43,196.4300000000000000
itabatan,BA,2,196.40,98.2000000000000000
desembargador otoni,MG,1,196.02,196.0200000000000000
campinacu,GO,1,195.91,195.9100000000000000
porangaba,SP,2,195.63,97.8150000000000000
jesupolis,GO,2,195.34,97.6700000000000000
parana,TO,2,195.25,97.6250000000000000
maragogipe,BA,2,195.04,97.5200000000000000
santo antonio do canaa,ES,1,194.88,194.8800000000000000
barra,BA,2,194.84,97.4200000000000000
governador dix-sept rosado,RN,1,194.82,194.8200000000000000
areial,PB,1,194.82,194.8200000000000000
ipira,SC,2,194.74,97.3700000000000000
charrua,RS,2,194.63,97.3150000000000000
piacu,ES,1,194.48,194.4800000000000000
purilandia,RJ,1,194.48,194.4800000000000000
lagoa d'anta,RN,1,194.34,194.3400000000000000
sao vendelino,RS,2,194.28,97.1400000000000000
sapopema,PR,2,193.31,96.6550000000000000
pimenteiras,PI,2,193.21,96.6050000000000000
itagimirim,BA,1,193.06,193.0600000000000000
caldas brandao,PB,1,192.32,192.3200000000000000
fazenda vilanova,RS,2,192.21,96.1050000000000000
vila langaro,RS,3,191.91,63.9700000000000000
roncador,PR,2,191.73,95.8650000000000000
felicio dos santos,MG,1,191.58,191.5800000000000000
coxilha,RS,2,191.50,95.7500000000000000
sao lourenco do piaui,PI,1,191.11,191.1100000000000000
campo grande do piaui,PI,1,190.88,190.8800000000000000
severiano melo,RN,1,190.83,190.8300000000000000
poco de pedra,RN,1,190.66,190.6600000000000000
capoeiras,PE,1,190.53,190.5300000000000000
taquarana,AL,1,190.43,190.4300000000000000
nazareno,MG,2,190.26,95.1300000000000000
orizania,MG,1,190.09,190.0900000000000000
jardim olinda,PR,1,189.84,189.8400000000000000
castanheira,MT,3,189.39,63.1300000000000000
marinopolis,SP,2,188.98,94.4900000000000000
sao joao do paraiso,RJ,1,188.65,188.6500000000000000
bom jesus do querendo,RJ,1,188.55,188.5500000000000000
porto firme,MG,2,188.50,94.2500000000000000
itaparica,BA,1,188.36,188.3600000000000000
ipuiuna,MG,1,188.34,188.3400000000000000
presidente medici,RO,2,188.33,94.1650000000000000
nova fatima,BA,1,188.29,188.2900000000000000
correntina,BA,2,188.11,94.0550000000000000
visconde de maua,RJ,3,188.05,62.6833333333333333
sao joao da parauna,GO,1,187.84,187.8400000000000000
cravolandia,BA,1,187.83,187.8300000000000000
cubati,PB,2,187.59,93.7950000000000000
capim branco,MG,2,187.17,93.5850000000000000
floresta do araguaia,PA,1,186.79,186.7900000000000000
silvianopolis,MG,3,186.76,62.2533333333333333
luiziana,PR,2,186.57,93.2850000000000000
cha grande,PE,1,186.49,186.4900000000000000
santa filomena,PE,1,186.40,186.4000000000000000
euclides da cunha paulista,SP,2,186.39,93.1950000000000000
jatoba,MA,1,186.36,186.3600000000000000
arroio trinta,SC,1,185.84,185.8400000000000000
oliveira dos brejinhos,BA,2,185.84,92.9200000000000000
brotas de macaubas,BA,1,185.62,185.6200000000000000
cachoeira dourada,GO,2,185.02,92.5100000000000000
pio ix,PI,1,184.84,184.8400000000000000
urutai,GO,3,184.79,61.5966666666666667
miraguai,RS,1,183.29,183.2900000000000000
sao jose do divino,MG,1,182.84,182.8400000000000000
massape,CE,2,182.79,91.3950000000000000
putinga,RS,2,182.56,91.2800000000000000
pranchita,PR,1,182.36,182.3600000000000000
perpetuo socorro,MG,2,182.30,91.1500000000000000
sao domingos,SC,2,182.18,91.0900000000000000
conceicao do caninde,PI,1,181.81,181.8100000000000000
sao geraldo da piedade,MG,1,181.76,181.7600000000000000
paiva,MG,2,181.74,90.8700000000000000
luziapolis,AL,1,181.62,181.6200000000000000
itapicuru,BA,2,181.54,90.7700000000000000
victor graeff,RS,2,181.25,90.6250000000000000
itubera,BA,3,181.22,60.4066666666666667
ibertioga,MG,1,181.21,181.2100000000000000
mojui dos campos,PA,2,180.87,90.4350000000000000
lagoa,PB,1,180.76,180.7600000000000000
caldeirao grande do piaui,PI,1,180.76,180.7600000000000000
colmeia,TO,2,180.69,90.3450000000000000
amapora,PR,2,180.65,90.3250000000000000
carrancas,MG,3,180.62,60.2066666666666667
senador firmino,MG,2,180.44,90.2200000000000000
caibi,SC,3,180.41,60.1366666666666667
aruana,GO,2,180.31,90.1550000000000000
bataipora,MS,1,180.10,180.1000000000000000
santa barbara do sul,RS,2,180.09,90.0450000000000000
boa esperanca,PR,1,179.77,179.7700000000000000
chaval,CE,1,179.45,179.4500000000000000
mendonca,MG,1,179.35,179.3500000000000000
itirapina,SP,2,179.21,89.6050000000000000
mimoso de goias,GO,1,179.12,179.1200000000000000
quinta do sol,PR,3,178.66,59.5533333333333333
alagoa grande,PB,1,178.52,178.5200000000000000
groairas,CE,1,178.50,178.5000000000000000
santa fe de minas,MG,1,178.27,178.2700000000000000
marilandia do sul,PR,1,178.27,178.2700000000000000
rio verde,PR,1,178.27,178.2700000000000000
santo antonio dos campos,MG,1,177.99,177.9900000000000000
jaua,BA,1,177.38,177.3800000000000000
riacho da cruz,RN,1,177.34,177.3400000000000000
romelandia,SC,1,176.87,176.8700000000000000
candeal,BA,1,176.65,176.6500000000000000
rio espera,MG,1,176.45,176.4500000000000000
iuna,ES,2,176.27,88.1350000000000000
madalena,CE,1,176.24,176.2400000000000000
aurilandia,GO,1,176.20,176.2000000000000000
nova crixas,GO,1,176.18,176.1800000000000000
turvolandia,MG,2,176.09,88.0450000000000000
santa amelia,PR,1,175.87,175.8700000000000000
ivora,RS,1,175.79,175.7900000000000000
lagoao,RS,1,175.43,175.4300000000000000
simao pereira,MG,1,175.41,175.4100000000000000
conceicao,PB,2,175.24,87.6200000000000000
machacalis,MG,2,175.17,87.5850000000000000
jacigua,ES,2,175.11,87.5550000000000000
lajeado,TO,1,175.10,175.1000000000000000
ilha grande,PI,1,174.68,174.6800000000000000
pindorama do tocantins,TO,2,174.18,87.0900000000000000
mariopolis,PR,1,173.95,173.9500000000000000
ibema,PR,1,173.89,173.8900000000000000
quixada,PE,1,173.89,173.8900000000000000
presidente janio quadros,BA,1,173.88,173.8800000000000000
alegrete do piaui,PI,1,173.88,173.8800000000000000
sao jose do piaui,PI,1,173.88,173.8800000000000000
itaueira,PI,2,173.62,86.8100000000000000
coracao de jesus,MG,3,173.38,57.7933333333333333
sao patricio,GO,1,172.96,172.9600000000000000
dom basilio,BA,3,172.71,57.5700000000000000
poxoreu,MT,2,172.59,86.2950000000000000
aparecida do rio negro,TO,1,172.58,172.5800000000000000
lupercio,SP,3,172.11,57.3700000000000000
bonfim,RR,1,171.69,171.6900000000000000
pindai,BA,2,171.54,85.7700000000000000
sao sebastiao da serra,SP,1,171.35,171.3500000000000000
tres irmaos,RJ,1,171.20,171.2000000000000000
caiua,SP,2,170.99,85.4950000000000000
picarras,SC,1,170.84,170.8400000000000000
tacuru,MS,1,170.71,170.7100000000000000
sitio novo,RN,1,170.14,170.1400000000000000
sao domingos,PE,1,170.01,170.0100000000000000
inga,PB,1,169.99,169.9900000000000000
saude,BA,2,169.98,84.9900000000000000
senhora de oliveira,MG,2,169.94,84.9700000000000000
remigio,PB,1,169.92,169.9200000000000000
guassusse,CE,1,169.92,169.9200000000000000
simolandia,GO,2,169.73,84.8650000000000000
seberi,RS,2,169.67,84.8350000000000000
careacu,MG,2,169.59,84.7950000000000000
santa maria da serra,SP,2,169.42,84.7100000000000000
heliopolis,BA,1,169.28,169.2800000000000000
alfredo marcondes,SP,1,169.23,169.2300000000000000
andrelandia,MG,3,169.06,56.3533333333333333
marcelino vieira,RN,1,169.02,169.0200000000000000
itaguaje,PR,2,168.96,84.4800000000000000
carnauba dos dantas,RN,1,168.45,168.4500000000000000
pilar,AL,3,168.36,56.1200000000000000
urucuia,MG,1,168.29,168.2900000000000000
paula candido,MG,1,168.19,168.1900000000000000
rodolfo fernandes,RN,2,168.19,84.0950000000000000
vila nelita,ES,2,167.98,83.9900000000000000
ibarama,RS,1,167.92,167.9200000000000000
agua fria de goias,GO,1,167.81,167.8100000000000000
ourizona,PR,1,167.80,167.8000000000000000
quatro pontes,PR,1,167.66,167.6600000000000000
matutina,MG,2,167.66,83.8300000000000000
aroeiras,PB,1,167.48,167.4800000000000000
carmolandia,TO,1,167.45,167.4500000000000000
itatiaiucu,MG,2,167.15,83.5750000000000000
maua da serra,PR,2,167.12,83.5600000000000000
juscimeira,MT,2,167.00,83.5000000000000000
sao francisco,SP,2,166.72,83.3600000000000000
santa cecilia,PB,1,166.71,166.7100000000000000
piracema,MG,1,166.59,166.5900000000000000
jaborandi,SP,3,166.38,55.4600000000000000
angustura,MG,1,166.29,166.2900000000000000
adhemar de barros,PR,1,166.29,166.2900000000000000
caetes,PE,1,166.04,166.0400000000000000
alto alegre,RS,1,165.72,165.7200000000000000
paial,SC,1,165.71,165.7100000000000000
mirante da serra,RO,1,165.60,165.6000000000000000
sao joao das missoes,MG,2,165.15,82.5750000000000000
tecainda,SP,1,165.13,165.1300000000000000
protasio alves,RS,2,165.06,82.5300000000000000
jose boiteux,SC,1,165.00,165.0000000000000000
santa maria do para,PA,2,164.89,82.4450000000000000
itagi,BA,2,164.64,82.3200000000000000
alagoa nova,PB,1,164.29,164.2900000000000000
vitoria do mearim,MA,2,164.00,82.0000000000000000
carmopolis,SE,2,163.45,81.7250000000000000
nossa senhora do remedio,SP,2,163.29,81.6450000000000000
corumba de goias,GO,2,163.28,81.6400000000000000
vespasiano correa,RS,1,163.25,163.2500000000000000
araguacu,TO,1,162.86,162.8600000000000000
bonito de santa fe,PB,1,162.85,162.8500000000000000
ocara,CE,2,162.69,81.3450000000000000
centenario,TO,1,162.47,162.4700000000000000
murucupi,PA,1,162.13,162.1300000000000000
brasilandia de minas,MG,2,162.02,81.0100000000000000
guiricema,MG,1,161.56,161.5600000000000000
jardim alegre,PR,2,161.44,80.7200000000000000
piau,MG,2,161.44,80.7200000000000000
cerejeiras,RO,1,161.23,161.2300000000000000
inhauma,MG,2,161.21,80.6050000000000000
sao desiderio,BA,1,161.19,161.1900000000000000
ipiranga,PR,3,161.09,53.6966666666666667
araguapaz,GO,2,160.89,80.4450000000000000
meruoca,CE,2,160.85,80.4250000000000000
tamarana,PR,2,160.84,80.4200000000000000
esmeralda,RS,1,160.76,160.7600000000000000
oros,CE,2,160.71,80.3550000000000000
itiquira,MT,1,160.66,160.6600000000000000
sao fernando,RN,1,160.58,160.5800000000000000
extremoz,RN,2,160.14,80.0700000000000000
araruna,PB,1,159.85,159.8500000000000000
riacho de santo antonio,PB,1,159.60,159.6000000000000000
mascote,BA,2,158.99,79.4950000000000000
duere,TO,1,158.77,158.7700000000000000
central de santa helena,MG,1,158.76,158.7600000000000000
santa cruz do prata,MG,2,158.72,79.3600000000000000
doutor ulysses,PR,1,158.61,158.6100000000000000
morro grande,SC,1,158.58,158.5800000000000000
santa cruz do piaui,PI,1,158.38,158.3800000000000000
juripiranga,PB,1,157.99,157.9900000000000000
lagoa santa,GO,1,157.94,157.9400000000000000
grandes rios,PR,2,157.75,78.8750000000000000
igaracu do tiete,SP,4,157.66,39.4150000000000000
felipe guerra,RN,1,157.65,157.6500000000000000
itabirinha,MG,1,157.41,157.4100000000000000
ibitiara,BA,1,157.28,157.2800000000000000
mundo novo,BA,1,157.28,157.2800000000000000
aracitaba,MG,2,156.74,78.3700000000000000
porto estrela,MT,1,156.72,156.7200000000000000
abdon batista,SC,1,156.70,156.7000000000000000
paripiranga,BA,2,156.65,78.3250000000000000
sao joao da urtiga,RS,1,156.64,156.6400000000000000
estrela d oeste,SP,1,156.33,156.3300000000000000
chale,MG,2,156.22,78.1100000000000000
presidente kubitschek,MG,2,156.06,78.0300000000000000
formosa da serra negra,MA,1,155.50,155.5000000000000000
silveira martins,RS,1,155.14,155.1400000000000000
nova floresta,PB,1,155.00,155.0000000000000000
sede alvorada,PR,1,154.90,154.9000000000000000
imbau,PR,2,154.87,77.4350000000000000
sao clemente,PR,1,154.86,154.8600000000000000
pitanga de estrada,PB,1,154.83,154.8300000000000000
boa vista do gurupi,MA,2,154.75,77.3750000000000000
barao de cotegipe,RS,2,154.71,77.3550000000000000
miranda do norte,MA,1,154.64,154.6400000000000000
dionisio,MG,2,154.42,77.2100000000000000
morro do ferro,MG,1,154.38,154.3800000000000000
neves paulista,SP,3,154.32,51.4400000000000000
conquista d'oeste,MT,1,154.04,154.0400000000000000
brejo bonito,MG,1,153.90,153.9000000000000000
cantagalo,PR,2,153.84,76.9200000000000000
luis correia,PI,1,153.36,153.3600000000000000
anastacio,MS,2,153.35,76.6750000000000000
cerro negro,SC,1,153.32,153.3200000000000000
senador modestino goncalves,MG,2,153.17,76.5850000000000000
iguatu,PR,1,153.04,153.0400000000000000
missi,CE,1,152.95,152.9500000000000000
ibateguara,AL,2,152.86,76.4300000000000000
farol,PR,1,152.72,152.7200000000000000
caseiros,RS,1,152.66,152.6600000000000000
pirajuba,MG,1,152.61,152.6100000000000000
dois riachos,AL,1,152.25,152.2500000000000000
coronel martins,SC,2,152.14,76.0700000000000000
salto da divisa,MG,2,151.66,75.8300000000000000
planura,MG,2,151.10,75.5500000000000000
mandirituba,PR,2,151.08,75.5400000000000000
pau d'arco,AL,1,150.98,150.9800000000000000
liberdade,MG,3,150.90,50.3000000000000000
varzea,PB,1,150.18,150.1800000000000000
flores,CE,1,149.90,149.9000000000000000
mairipotaba,GO,1,149.65,149.6500000000000000
lagoinha do piaui,PI,1,149.61,149.6100000000000000
domiciano ribeiro,GO,2,149.38,74.6900000000000000
rancho alegre d'oeste,PR,1,149.29,149.2900000000000000
monte alegre,PA,1,149.26,149.2600000000000000
cajapio,MA,1,149.16,149.1600000000000000
divino de sao lourenco,ES,1,149.16,149.1600000000000000
mucambo,CE,1,149.14,149.1400000000000000
sao joao batista,MA,1,149.11,149.1100000000000000
sacra familia do tingua,RJ,1,149.04,149.0400000000000000
santo antonio de goias,GO,1,149.02,149.0200000000000000
grupiara,MG,1,148.94,148.9400000000000000
barra do rio azul,RS,1,148.71,148.7100000000000000
entre rios do oeste,PR,3,148.58,49.5266666666666667
sao luiz do norte,GO,1,148.33,148.3300000000000000
jandaira,RN,1,148.22,148.2200000000000000
pugmil,TO,1,148.15,148.1500000000000000
ibiracatu,MG,1,148.15,148.1500000000000000
chiapetta,RS,1,148.15,148.1500000000000000
cruzeiro do iguacu,PR,1,148.15,148.1500000000000000
wagner,BA,1,147.69,147.6900000000000000
biritinga,BA,1,147.57,147.5700000000000000
estrela do indaia,MG,2,147.50,73.7500000000000000
manaira,PB,1,147.40,147.4000000000000000
aiuaba,CE,1,147.38,147.3800000000000000
ferros,MG,2,147.36,73.6800000000000000
agua preta,PE,1,147.34,147.3400000000000000
barro preto,BA,1,146.58,146.5800000000000000
capitao,RS,1,146.50,146.5000000000000000
passa tempo,MG,1,146.46,146.4600000000000000
durande,MG,2,146.19,73.0950000000000000
andre da rocha,RS,1,146.13,146.1300000000000000
pocoes de paineiras,MG,1,145.95,145.9500000000000000
sao francisco de assis,RS,2,145.39,72.6950000000000000
cristinapolis,SE,1,145.37,145.3700000000000000
tapurah,MT,1,145.11,145.1100000000000000
lajeado grande,SC,1,145.08,145.0800000000000000
anguera,BA,1,144.99,144.9900000000000000
augustinopolis,TO,1,144.89,144.8900000000000000
itagiba,BA,2,144.86,72.4300000000000000
tibau do sul,RN,1,144.79,144.7900000000000000
peritiba,SC,2,144.71,72.3550000000000000
comercinho,MG,1,144.65,144.6500000000000000
jeriquara,SP,1,144.65,144.6500000000000000
corrego fundo,MG,1,144.65,144.6500000000000000
brejetuba,ES,1,144.54,144.5400000000000000
sao jose da tapera,AL,1,144.47,144.4700000000000000
mombuca,SP,3,144.47,48.1566666666666667
jacinto,MG,2,144.46,72.2300000000000000
luiz alves,SC,2,144.40,72.2000000000000000
lidice,RJ,1,144.31,144.3100000000000000
cruzeiro da fortaleza,MG,2,144.30,72.1500000000000000
presidente medici,MA,1,143.99,143.9900000000000000
augusto pestana,RS,2,143.95,71.9750000000000000
jaci,SP,2,143.41,71.7050000000000000
moncao,MA,1,143.36,143.3600000000000000
brejoes,BA,1,143.34,143.3400000000000000
guzolandia,SP,1,143.31,143.3100000000000000
sao geraldo do baguari,MG,1,142.96,142.9600000000000000
sao pedro do iguacu,PR,1,142.96,142.9600000000000000
central,BA,1,142.89,142.8900000000000000
avelino lopes,PI,2,142.72,71.3600000000000000
turvo,PR,2,142.68,71.3400000000000000
cachoeira dourada,MG,1,142.67,142.6700000000000000
machados,PE,1,142.66,142.6600000000000000
orobo,PE,1,142.63,142.6300000000000000
serra branca,PB,1,142.26,142.2600000000000000
angelina,SC,1,142.05,142.0500000000000000
gaviao peixoto,SP,2,142.04,71.0200000000000000
barreira,CE,1,142.01,142.0100000000000000
francisco dumont,MG,2,141.87,70.9350000000000000
sao francisco,PB,1,141.75,141.7500000000000000
ibirapua,BA,1,141.42,141.4200000000000000
itabi,SE,1,141.03,141.0300000000000000
mariapolis,SP,2,140.98,70.4900000000000000
agua comprida,MG,2,140.65,70.3250000000000000
tapirai,SP,2,140.53,70.2650000000000000
paranapoema,PR,1,140.49,140.4900000000000000
meridiano,SP,1,140.47,140.4700000000000000
presidente alves,SP,2,140.42,70.2100000000000000
ipiranga de goias,GO,1,139.98,139.9800000000000000
bora,SP,1,139.71,139.7100000000000000
banabuiu,CE,1,139.61,139.6100000000000000
iretama,PR,1,139.59,139.5900000000000000
brasileia,AC,1,139.53,139.5300000000000000
epitaciolandia,AC,1,139.52,139.5200000000000000
maiquinique,BA,1,139.48,139.4800000000000000
erebango,RS,1,139.42,139.4200000000000000
divinopolis do tocantins,TO,1,139.27,139.2700000000000000
nova canaa paulista,SP,2,139.15,69.5750000000000000
braco do rio,ES,2,138.93,69.4650000000000000
natividade da serra,SP,1,138.89,138.8900000000000000
santana,PR,1,138.60,138.6000000000000000
sao nicolau,RS,1,138.60,138.6000000000000000
brejo,MA,1,138.24,138.2400000000000000
japaratuba,SE,1,138.24,138.2400000000000000
cajueiro,AL,1,138.15,138.1500000000000000
manfrinopolis,PR,1,138.08,138.0800000000000000
sardoa,MG,1,137.99,137.9900000000000000
vila flor,RN,1,137.98,137.9800000000000000
campo alegre de minas,MG,1,137.93,137.9300000000000000
atalaia,AL,1,137.65,137.6500000000000000
zortea,SC,2,137.57,68.7850000000000000
sao domingos das dores,MG,2,137.40,68.7000000000000000
vitoria do jari,AP,1,137.27,137.2700000000000000
mariano moro,RS,1,137.26,137.2600000000000000
arara,PB,1,137.14,137.1400000000000000
sao mamede,PB,1,137.10,137.1000000000000000
sao jose da boa vista,PR,1,137.07,137.0700000000000000
sao cristovao do sul,SC,1,137.07,137.0700000000000000
vargem grande,MA,1,137.01,137.0100000000000000
treviso,SC,1,136.98,136.9800000000000000
alpestre,RS,1,136.98,136.9800000000000000
palhano,CE,1,136.60,136.6000000000000000
nova araca,RS,1,136.59,136.5900000000000000
serranopolis de minas,MG,1,136.50,136.5000000000000000
governador lindenberg,ES,2,136.28,68.1400000000000000
independencia,CE,1,136.05,136.0500000000000000
antunes,MG,1,135.39,135.3900000000000000
tapinas,SP,1,135.08,135.0800000000000000
pontes gestal,SP,1,135.08,135.0800000000000000
venda branca,SP,1,134.83,134.8300000000000000
umburatiba,MG,1,134.70,134.7000000000000000
sao felix do araguaia,MT,1,134.64,134.6400000000000000
bela vista de minas,MG,1,134.51,134.5100000000000000
patrocinio do muriae,MG,2,134.38,67.1900000000000000
candido rodrigues,SP,4,134.30,33.5750000000000000
crisolita,MG,2,134.24,67.1200000000000000
benedito leite,MA,1,134.12,134.1200000000000000
lago verde,MA,1,134.01,134.0100000000000000
california,PR,2,133.95,66.9750000000000000
ferreiros,PE,1,133.94,133.9400000000000000
ipiranga do sul,RS,1,133.25,133.2500000000000000
sao benedito do rio preto,MA,1,133.22,133.2200000000000000
nova timboteua,PA,1,133.05,133.0500000000000000
cujubim,RO,1,132.94,132.9400000000000000
assuncao,PB,1,132.69,132.6900000000000000
japaraiba,MG,1,132.46,132.4600000000000000
pedro gomes,MS,1,132.38,132.3800000000000000
barracao,RS,2,132.20,66.1000000000000000
barro alto,BA,2,132.18,66.0900000000000000
agua branca,AL,1,132.10,132.1000000000000000
varjao de minas,MG,2,131.90,65.9500000000000000
quevedos,RS,2,131.69,65.8450000000000000
sitio do quinto,BA,2,131.65,65.8250000000000000
planaltina de goias,GO,2,131.61,65.8050000000000000
pombos,PE,1,131.43,131.4300000000000000
indianopolis,MG,2,131.42,65.7100000000000000
piata,BA,2,131.35,65.6750000000000000
getulina,SP,2,131.02,65.5100000000000000
guara,DF,2,130.99,65.4950000000000000
jussara,GO,3,130.91,43.6366666666666667
lindolfo collor,RS,1,130.65,130.6500000000000000
portelandia,GO,2,130.63,65.3150000000000000
canarana,BA,1,130.59,130.5900000000000000
antonina do norte,CE,1,130.58,130.5800000000000000
nova santa barbara,PR,1,130.53,130.5300000000000000
alexandrita,MG,1,130.00,130.0000000000000000
sao bras do suacui,MG,2,129.71,64.8550000000000000
arenopolis,GO,1,128.90,128.9000000000000000
uniao de minas,MG,3,128.71,42.9033333333333333
monte alegre de sergipe,SE,1,128.00,128.0000000000000000
itaquitinga,PE,2,127.79,63.8950000000000000
cotipora,RS,1,127.53,127.5300000000000000
banzae,BA,1,127.42,127.4200000000000000
lucena,PB,1,127.17,127.1700000000000000
xexeu,PE,1,126.16,126.1600000000000000
conrado,RJ,1,126.12,126.1200000000000000
brejo dos santos,PB,1,125.94,125.9400000000000000
herveiras,RS,1,125.52,125.5200000000000000
jaguaribara,CE,1,125.23,125.2300000000000000
campo alegre de lourdes,BA,1,124.89,124.8900000000000000
pato bragado,PR,2,124.83,62.4150000000000000
pirapemas,MA,1,124.73,124.7300000000000000
barrolandia,TO,2,124.54,62.2700000000000000
senador la rocque,MA,1,124.43,124.4300000000000000
santo antonio do leverger,MT,1,124.41,124.4100000000000000
coronel joao pessoa,RN,1,124.33,124.3300000000000000
santa rita,MA,1,124.33,124.3300000000000000
riachinho,MG,2,124.05,62.0250000000000000
nova ubirata,MT,1,123.75,123.7500000000000000
umburanas,BA,1,123.75,123.7500000000000000
sao jorge do patrocinio,PR,2,123.72,61.8600000000000000
claro dos pocoes,MG,1,123.68,123.6800000000000000
felisburgo,MG,1,123.47,123.4700000000000000
barro alto,GO,1,123.33,123.3300000000000000
alto alegre do maranhao,MA,1,123.32,123.3200000000000000
guarda-mor,MG,2,123.11,61.5550000000000000
ananas,TO,1,122.76,122.7600000000000000
caturama,BA,2,122.68,61.3400000000000000
esperantina,TO,1,122.58,122.5800000000000000
antonio pereira,MG,2,122.32,61.1600000000000000
novo itacolomi,PR,1,122.22,122.2200000000000000
sao pedro do sul,RS,1,121.97,121.9700000000000000
macaubal,SP,1,121.91,121.9100000000000000
coqueiro baixo,RS,2,121.76,60.8800000000000000
ajapi,SP,1,121.34,121.3400000000000000
capela nova,MG,1,121.27,121.2700000000000000
gentio do ouro,BA,1,121.10,121.1000000000000000
sao vitor,MG,1,121.09,121.0900000000000000
frei rogerio,SC,1,121.09,121.0900000000000000
montadas,PB,1,120.90,120.9000000000000000
bom jesus da penha,MG,2,120.84,60.4200000000000000
aracoiaba,PE,2,120.71,60.3550000000000000
lindoia do sul,SC,1,120.22,120.2200000000000000
conceicao do almeida,BA,1,120.14,120.1400000000000000
anhembi,SP,1,120.09,120.0900000000000000
ministro andreazza,RO,1,120.05,120.0500000000000000
sao carlos do ivai,PR,1,119.95,119.9500000000000000
fortaleza dos valos,RS,1,119.95,119.9500000000000000
santo hipolito,MG,1,119.88,119.8800000000000000
olhos d'agua,MG,1,119.84,119.8400000000000000
janduis,RN,1,119.38,119.3800000000000000
elisio medrado,BA,2,118.75,59.3750000000000000
douradina,PR,1,118.65,118.6500000000000000
assare,CE,1,118.26,118.2600000000000000
barrocas,BA,1,118.26,118.2600000000000000
coronel macedo,SP,2,118.25,59.1250000000000000
nossa senhora de lourdes,SE,1,118.10,118.1000000000000000
mussurepe,RJ,1,117.94,117.9400000000000000
silvano,MG,1,117.94,117.9400000000000000
sao pedro do turvo,SP,2,117.90,58.9500000000000000
nova guataporanga,SP,1,117.76,117.7600000000000000
itaguaru,GO,2,117.66,58.8300000000000000
turvania,GO,2,117.35,58.6750000000000000
vila nova,PR,2,117.19,58.5950000000000000
peixe,TO,1,117.16,117.1600000000000000
retirolandia,BA,1,117.00,117.0000000000000000
aguas claras,RS,1,116.96,116.9600000000000000
doutor mauricio cardoso,RS,1,116.94,116.9400000000000000
paulistania,SP,1,116.94,116.9400000000000000
vermelho,MG,1,116.79,116.7900000000000000
monte belo do sul,RS,1,116.74,116.7400000000000000
materlandia,MG,2,116.65,58.3250000000000000
sao bonifacio,SC,1,116.46,116.4600000000000000
planalto,BA,1,116.45,116.4500000000000000
governador mangabeira,BA,1,116.26,116.2600000000000000
sao pedro do butia,RS,1,116.19,116.1900000000000000
sobradinho,DF,1,115.94,115.9400000000000000
sao joao do paraiso,MA,1,115.92,115.9200000000000000
fragosos,SC,1,115.90,115.9000000000000000
brasopolis,MG,1,115.90,115.9000000000000000
frutuoso gomes,RN,1,115.87,115.8700000000000000
sao jose do ribeirao,RJ,1,115.84,115.8400000000000000
santana da boa vista,RS,2,115.80,57.9000000000000000
santa luzia do parua,MA,1,115.78,115.7800000000000000
aurora do para,PA,1,115.46,115.4600000000000000
santa maria do herval,RS,1,115.44,115.4400000000000000
santa clara d'oeste,SP,1,115.44,115.4400000000000000
bonito de minas,MG,1,115.44,115.4400000000000000
sao francisco de paula,MG,2,115.42,57.7100000000000000
campo do brito,SE,1,114.89,114.8900000000000000
quatituba,MG,1,114.85,114.8500000000000000
ipiranga do norte,MT,1,114.83,114.8300000000000000
nazare da mata,PE,1,114.56,114.5600000000000000
figueiropolis d'oeste,MT,2,114.42,57.2100000000000000
novo lino,AL,1,114.26,114.2600000000000000
ouro verde de minas,MG,2,114.19,57.0950000000000000
itaguacu,GO,2,114.10,57.0500000000000000
cristopolis,BA,2,113.95,56.9750000000000000
almas,TO,1,113.56,113.5600000000000000
aquidaba,SE,1,113.55,113.5500000000000000
praia norte,TO,1,113.35,113.3500000000000000
palmopolis,MG,1,113.20,113.2000000000000000
goiandira,GO,1,113.13,113.1300000000000000
jerico,PB,1,113.08,113.0800000000000000
aragoiania,GO,1,112.90,112.9000000000000000
arapua,MG,1,112.77,112.7700000000000000
mogi-mirim,SP,2,112.61,56.3050000000000000
piquerobi,SP,1,112.45,112.4500000000000000
inhuma,PI,1,112.35,112.3500000000000000
rubineia,SP,1,112.20,112.2000000000000000
santo antonio das queimadas,PE,1,112.12,112.1200000000000000
sinimbu,RS,2,112.11,56.0550000000000000
novais,SP,1,111.99,111.9900000000000000
eugenio de castro,RS,1,111.76,111.7600000000000000
aramina,SP,1,111.61,111.6100000000000000
deodapolis,MS,2,111.21,55.6050000000000000
caracol,MS,1,111.10,111.1000000000000000
sao jorge d'oeste,PR,1,111.02,111.0200000000000000
vargem grande do soturno,ES,1,111.02,111.0200000000000000
coite do noia,AL,1,111.01,111.0100000000000000
piripa,BA,2,110.84,55.4200000000000000
jaraguari,MS,2,110.52,55.2600000000000000
passo de camaragibe,AL,1,110.28,110.2800000000000000
andarai,BA,1,109.50,109.5000000000000000
ingai,MG,1,109.38,109.3800000000000000
vila pereira,MG,1,109.21,109.2100000000000000
joselandia,MA,1,109.18,109.1800000000000000
juvenilia,MG,2,109.10,54.5500000000000000
cha de alegria,PE,1,108.95,108.9500000000000000
cacaulandia,RO,1,108.73,108.7300000000000000
lamim,MG,1,108.63,108.6300000000000000
varzea nova,BA,1,108.53,108.5300000000000000
serra azul,SP,1,108.52,108.5200000000000000
bias fortes,MG,2,108.48,54.2400000000000000
bras pires,MG,2,108.02,54.0100000000000000
sao joaquim do monte,PE,1,107.95,107.9500000000000000
marilena,PR,1,107.87,107.8700000000000000
bandeirantes,MS,1,107.78,107.7800000000000000
guapirama,PR,1,107.78,107.7800000000000000
bom sucesso,PR,1,107.78,107.7800000000000000
atilio vivacqua,ES,1,107.78,107.7800000000000000
santa leopoldina,ES,1,107.78,107.7800000000000000
fonseca,MG,1,107.53,107.5300000000000000
lagoa de sao francisco,PI,1,107.02,107.0200000000000000
monte castelo,SP,1,106.89,106.8900000000000000
general camara,RS,1,106.87,106.8700000000000000
vanini,RS,1,106.87,106.8700000000000000
coronel domingos soares,PR,1,106.87,106.8700000000000000
messias targino,RN,1,106.85,106.8500000000000000
aratiba,RS,1,106.49,106.4900000000000000
lagoa do piaui,PI,1,106.38,106.3800000000000000
matoes,MA,1,106.30,106.3000000000000000
itapiuna,CE,2,106.24,53.1200000000000000
coronel sapucaia,MS,1,106.23,106.2300000000000000
redencao da serra,SP,1,106.23,106.2300000000000000
entre folhas,MG,1,106.07,106.0700000000000000
paraju,ES,1,105.74,105.7400000000000000
vitorinos,MG,1,105.37,105.3700000000000000
britania,GO,1,105.37,105.3700000000000000
campo bonito,PR,1,105.30,105.3000000000000000
penedo,RJ,1,105.28,105.2800000000000000
pedras altas,RS,1,105.28,105.2800000000000000
estrela do sul,MG,1,105.28,105.2800000000000000
jaupaci,GO,1,105.28,105.2800000000000000
ilicinea,MG,1,105.28,105.2800000000000000
braunas,MG,1,105.28,105.2800000000000000
santa brigida,BA,1,104.73,104.7300000000000000
contenda,PR,1,104.61,104.6100000000000000
aguas mornas,SC,1,104.52,104.5200000000000000
perola independente,PR,1,104.46,104.4600000000000000
taparuba,MG,1,104.37,104.3700000000000000
porto acre,AC,1,104.35,104.3500000000000000
muquem do sao francisco,BA,2,104.21,52.1050000000000000
santo antonio do palma,RS,2,104.09,52.0450000000000000
novo brasil,ES,1,103.75,103.7500000000000000
engenheiro beltrao,PR,2,103.36,51.6800000000000000
monte formoso,MG,2,103.19,51.5950000000000000
cotegipe,BA,1,103.15,103.1500000000000000
guarani das missoes,RS,2,102.94,51.4700000000000000
buritizal,SP,2,102.88,51.4400000000000000
rio dos indios,RS,1,102.75,102.7500000000000000
dezesseis de novembro,RS,1,102.75,102.7500000000000000
sao jose do inhacora,RS,1,102.70,102.7000000000000000
senador salgado filho,RS,1,102.49,102.4900000000000000
adustina,BA,1,102.27,102.2700000000000000
riversul,SP,1,102.03,102.0300000000000000
angicos,RN,1,101.77,101.7700000000000000
castro alves,BA,2,101.76,50.8800000000000000
vargem,SP,2,101.50,50.7500000000000000
vila nova do sul,RS,1,101.34,101.3400000000000000
sapucaia,MG,1,101.25,101.2500000000000000
maribondo,AL,1,100.97,100.9700000000000000
ribeiropolis,SE,1,100.77,100.7700000000000000
pedra preta,RN,1,100.75,100.7500000000000000
santa quiteria do maranhao,MA,1,100.75,100.7500000000000000
espigao,SP,2,100.52,50.2600000000000000
guairaca,PR,1,100.44,100.4400000000000000
major porto,MG,1,100.33,100.3300000000000000
nova esperanca do sudoeste,PR,1,100.33,100.3300000000000000
itamira,BA,2,100.20,50.1000000000000000
itarema,CE,1,99.95,99.9500000000000000
coronel pacheco,MG,1,99.90,99.9000000000000000
caridade,CE,1,99.90,99.9000000000000000
paraiso,SC,1,99.65,99.6500000000000000
querencia do norte,PR,1,99.43,99.4300000000000000
goncalves dias,MA,1,99.25,99.2500000000000000
filadelfia,BA,1,99.16,99.1600000000000000
barao do triunfo,RS,1,99.14,99.1400000000000000
pedro velho,RN,1,99.11,99.1100000000000000
carnaiba do sertao,BA,1,99.10,99.1000000000000000
capitao eneas,MG,1,98.84,98.8400000000000000
coronel freitas,SC,1,98.65,98.6500000000000000
arapoema,TO,1,98.57,98.5700000000000000
ponto belo,ES,1,98.56,98.5600000000000000
ouro verde de goias,GO,1,98.23,98.2300000000000000
ewbank da camara,MG,1,98.16,98.1600000000000000
tres forquilhas,RS,1,98.13,98.1300000000000000
antonio martins,RN,1,97.67,97.6700000000000000
rincao,SP,1,97.63,97.6300000000000000
anage,BA,1,97.38,97.3800000000000000
passa tres,RJ,2,97.37,48.6850000000000000
morada nova,PA,1,97.32,97.3200000000000000
pilar,PB,1,96.95,96.9500000000000000
teresina de goias,GO,1,96.80,96.8000000000000000
santa rita da floresta,RJ,1,96.80,96.8000000000000000
monte castelo,SC,1,96.65,96.6500000000000000
pirapo,PR,1,96.29,96.2900000000000000
campo azul,MG,1,96.22,96.2200000000000000
olaria,MG,1,96.22,96.2200000000000000
rio doce,MG,1,96.20,96.2000000000000000
ubirajara,SP,1,96.09,96.0900000000000000
pedra do indaia,MG,1,96.08,96.0800000000000000
itutinga,MG,1,96.01,96.0100000000000000
pedra branca,PB,1,95.84,95.8400000000000000
aracatu,BA,1,95.76,95.7600000000000000
ipiranga,RS,1,95.74,95.7400000000000000
boquira,BA,1,95.67,95.6700000000000000
fatima,TO,1,95.64,95.6400000000000000
perobal,PR,1,95.31,95.3100000000000000
santa salete,SP,1,95.00,95.0000000000000000
igarape-acu,PA,1,94.76,94.7600000000000000
divinopolis de goias,GO,1,94.30,94.3000000000000000
alagoa,MG,1,93.98,93.9800000000000000
palmeirinha,PR,2,93.80,46.9000000000000000
ilha dos valadares,PR,1,93.59,93.5900000000000000
iaras,SP,1,93.57,93.5700000000000000
taquarucu do sul,RS,1,93.29,93.2900000000000000
porto amazonas,PR,2,93.21,46.6050000000000000
dom cavati,MG,1,93.08,93.0800000000000000
itacoatiara,AM,1,92.98,92.9800000000000000
novo horizonte,SC,1,92.67,92.6700000000000000
mato rico,PR,1,92.65,92.6500000000000000
nacip raydan,MG,1,92.16,92.1600000000000000
campo florido,MG,1,92.02,92.0200000000000000
caetanos,BA,1,91.95,91.9500000000000000
ibirataia,BA,2,91.72,45.8600000000000000
sonora,MS,2,91.38,45.6900000000000000
sao francisco do gloria,MG,1,91.35,91.3500000000000000
lagoa dos tres cantos,RS,1,91.18,91.1800000000000000
nantes,SP,1,91.05,91.0500000000000000
riachuelo,SE,1,90.97,90.9700000000000000
santo andre,PB,1,90.90,90.9000000000000000
mae d'agua,PB,1,90.89,90.8900000000000000
macuco,RJ,1,90.88,90.8800000000000000
arraial d ajuda,BA,1,90.70,90.7000000000000000
inaja,PR,2,90.30,45.1500000000000000
felixlandia,MG,1,90.28,90.2800000000000000
salmourao,SP,2,90.27,45.1350000000000000
cassia dos coqueiros,SP,1,90.17,90.1700000000000000
alianca,PE,1,89.93,89.9300000000000000
onda verde,SP,1,89.49,89.4900000000000000
glaura,MG,1,89.36,89.3600000000000000
nova padua,RS,1,89.36,89.3600000000000000
frei gaspar,MG,1,89.19,89.1900000000000000
adrianopolis,PR,1,89.17,89.1700000000000000
salobro,BA,1,89.15,89.1500000000000000
suzanapolis,SP,1,88.94,88.9400000000000000
santo antonio do aventureiro,MG,1,88.92,88.9200000000000000
bom retiro,SC,1,88.37,88.3700000000000000
pedra branca,CE,2,88.15,44.0750000000000000
itanhanga,MT,1,88.05,88.0500000000000000
guatapara,SP,1,87.97,87.9700000000000000
pedra lavrada,PB,1,87.90,87.9000000000000000
alvorada do gurgueia,PI,1,87.85,87.8500000000000000
uruburetama,CE,1,87.80,87.8000000000000000
croata,CE,1,87.80,87.8000000000000000
paranapua,SP,2,87.80,43.9000000000000000
passagem franca,MA,1,87.66,87.6600000000000000
piratini,RS,1,87.64,87.6400000000000000
morro do pilar,MG,1,87.64,87.6400000000000000
matelandia,PR,2,87.60,43.8000000000000000
teodoro sampaio,BA,1,87.28,87.2800000000000000
termas de ibira,SP,1,87.15,87.1500000000000000
sao jorge,RS,1,87.02,87.0200000000000000
buriti do tocantins,TO,1,86.79,86.7900000000000000
ravena,MG,1,86.73,86.7300000000000000
vicosa,RN,1,86.58,86.5800000000000000
valao do barro,RJ,1,86.54,86.5400000000000000
ibipeba,BA,1,86.39,86.3900000000000000
anaurilandia,MS,1,86.24,86.2400000000000000
florida,PR,1,86.15,86.1500000000000000
formosa do oeste,PR,1,86.15,86.1500000000000000
vila reis,PR,1,86.15,86.1500000000000000
jacareacanga,PA,1,86.04,86.0400000000000000
cascalho rico,MG,1,85.92,85.9200000000000000
mocajuba,PA,1,85.60,85.6000000000000000
laranja da terra,ES,1,85.60,85.6000000000000000
sao thome das letras,MG,2,85.50,42.7500000000000000
moeda,MG,1,85.46,85.4600000000000000
terenos,MS,1,85.26,85.2600000000000000
matriz de camaragibe,AL,1,84.90,84.9000000000000000
pontalinda,SP,2,84.75,42.3750000000000000
bodo,RN,1,84.57,84.5700000000000000
mossamedes,GO,1,84.14,84.1400000000000000
murici,AL,1,84.05,84.0500000000000000
serra dos dourados,PR,1,83.33,83.3300000000000000
anhandui,MS,1,83.23,83.2300000000000000
bela vista do maranhao,MA,1,83.15,83.1500000000000000
planalto,SP,1,83.06,83.0600000000000000
pau d'arco,PA,1,83.05,83.0500000000000000
sao mateus de minas,MG,1,82.88,82.8800000000000000
dom macedo costa,BA,1,82.83,82.8300000000000000
sao francisco do brejao,MA,1,82.75,82.7500000000000000
lagoa salgada,RN,1,82.72,82.7200000000000000
brazabrantes,GO,2,82.70,41.3500000000000000
taperuaba,CE,1,82.42,82.4200000000000000
salinas da margarida,BA,1,82.12,82.1200000000000000
bertopolis,MG,1,82.12,82.1200000000000000
rainha do mar,RS,1,82.03,82.0300000000000000
paineiras,MG,1,81.98,81.9800000000000000
jacarau,PB,1,81.96,81.9600000000000000
pouso novo,RS,1,81.82,81.8200000000000000
iacri,SP,2,81.62,40.8100000000000000
amontada,CE,1,81.57,81.5700000000000000
humberto de campos,MA,1,81.57,81.5700000000000000
conselheiro mairinck,PR,1,81.55,81.5500000000000000
lamarao,BA,1,81.34,81.3400000000000000
angical do piaui,PI,1,80.92,80.9200000000000000
camacho,MG,1,80.90,80.9000000000000000
rubelita,MG,1,80.88,80.8800000000000000
castanheiras,RO,1,80.80,80.8000000000000000
nossa senhora das gracas,PR,2,80.75,40.3750000000000000
caem,BA,1,80.02,80.0200000000000000
santo inacio,PR,1,79.70,79.7000000000000000
candoi,PR,1,79.50,79.5000000000000000
tapera,RS,1,79.07,79.0700000000000000
garruchos,RS,1,79.04,79.0400000000000000
rosario,MA,1,79.04,79.0400000000000000
sao tome,RN,1,78.84,78.8400000000000000
cipo-guacu,SP,1,78.71,78.7100000000000000
cairu,BA,1,78.64,78.6400000000000000
berilo,MG,1,78.22,78.2200000000000000
lages,CE,1,78.10,78.1000000000000000
galvao,SC,1,78.02,78.0200000000000000
itaoca,SP,1,78.01,78.0100000000000000
jandaira,BA,1,77.98,77.9800000000000000
agua nova,RN,1,77.67,77.6700000000000000
novo machado,RS,1,77.66,77.6600000000000000
santa rita do itueto,MG,1,77.57,77.5700000000000000
sao miguel do cambui,PR,1,77.57,77.5700000000000000
mesquita,MG,1,77.57,77.5700000000000000
cerrito,RS,1,77.57,77.5700000000000000
padre paraiso,MG,1,77.57,77.5700000000000000
itacurussa,RJ,1,77.57,77.5700000000000000
pinhotiba,MG,1,77.57,77.5700000000000000
porto lucena,RS,1,77.56,77.5600000000000000
queixada,MG,1,77.29,77.2900000000000000
novo mundo,MT,1,77.13,77.1300000000000000
sao domingos,MG,1,77.06,77.0600000000000000
siriji,PE,1,77.03,77.0300000000000000
angelica,MS,1,76.86,76.8600000000000000
rio rufino,SC,1,76.66,76.6600000000000000
nova america da colina,PR,1,76.65,76.6500000000000000
maranhaozinho,MA,1,76.57,76.5700000000000000
guaratinga,BA,2,76.57,38.2850000000000000
itaguara,MG,2,76.47,38.2350000000000000
aribice,BA,1,76.15,76.1500000000000000
sento se,BA,1,76.08,76.0800000000000000
gloria de dourados,MS,1,76.00,76.0000000000000000
sebastiao leal,PI,1,75.89,75.8900000000000000
nova boa vista,RS,1,75.85,75.8500000000000000
sete de setembro,RS,1,75.73,75.7300000000000000
prata,PB,1,75.73,75.7300000000000000
pavao,MG,1,75.63,75.6300000000000000
juruti,PA,1,75.53,75.5300000000000000
jataizinho,PR,1,75.44,75.4400000000000000
guarapua,SP,1,75.17,75.1700000000000000
praia grande,ES,1,75.08,75.0800000000000000
brasilandia,MS,1,75.07,75.0700000000000000
hidrolandia,GO,1,74.50,74.5000000000000000
pedranopolis,SP,1,74.41,74.4100000000000000
tocos do moji,MG,1,74.36,74.3600000000000000
ponto dos volantes,MG,2,74.30,37.1500000000000000
jacuizinho,RS,1,74.26,74.2600000000000000
vera cruz,RN,1,74.14,74.1400000000000000
corumbatai,SP,2,74.13,37.0650000000000000
piacatu,SP,1,74.13,74.1300000000000000
lagoa dos patos,MG,1,74.05,74.0500000000000000
girau do ponciano,AL,1,74.05,74.0500000000000000
tamandare,PE,1,73.84,73.8400000000000000
varzea do poco,BA,1,73.83,73.8300000000000000
condeuba,BA,1,73.83,73.8300000000000000
sao joao do sobrado,ES,1,73.56,73.5600000000000000
guaraciaba,SC,1,73.38,73.3800000000000000
oleo,SP,1,73.34,73.3400000000000000
cocos,BA,1,73.27,73.2700000000000000
alto sao joao,PR,1,73.25,73.2500000000000000
chorrocho,BA,1,73.18,73.1800000000000000
alto paraiso,PR,1,73.15,73.1500000000000000
itaara,RS,1,73.15,73.1500000000000000
bocaiuva do sul,PR,2,72.70,36.3500000000000000
sao jose do xingu,MT,1,72.52,72.5200000000000000
bacaxa,RJ,1,72.51,72.5100000000000000
dores de guanhaes,MG,1,72.48,72.4800000000000000
anhumas,SP,1,72.42,72.4200000000000000
mutum parana,RO,1,72.27,72.2700000000000000
capistrano,CE,1,72.16,72.1600000000000000
piao,RJ,1,72.14,72.1400000000000000
santa cecilia do pavao,PR,1,72.14,72.1400000000000000
serra do salitre,MG,1,72.05,72.0500000000000000
tabuleiro do norte,CE,1,71.88,71.8800000000000000
jamaica,SP,1,71.85,71.8500000000000000
sarutaia,SP,1,71.82,71.8200000000000000
amargosa,BA,1,71.81,71.8100000000000000
pontao,RS,1,71.79,71.7900000000000000
cajuri,MG,1,71.53,71.5300000000000000
santana do itarare,PR,1,71.53,71.5300000000000000
barra do jacare,PR,1,71.43,71.4300000000000000
populina,SP,1,71.30,71.3000000000000000
novo cabrais,RS,1,71.15,71.1500000000000000
porto murtinho,MS,1,71.15,71.1500000000000000
jaguaracu,MG,1,71.04,71.0400000000000000
campo do tenente,PR,1,71.04,71.0400000000000000
palmares paulista,SP,1,70.93,70.9300000000000000
sao miguel do aleixo,SE,1,70.86,70.8600000000000000
santana de pirapama,MG,1,70.74,70.7400000000000000
presidente nereu,SC,1,70.61,70.6100000000000000
taiacu,SP,1,70.51,70.5100000000000000
itaicaba,CE,1,70.03,70.0300000000000000
juranda,PR,2,69.94,34.9700000000000000
pereiras,SP,1,69.69,69.6900000000000000
padre gonzales,RS,1,69.54,69.5400000000000000
canaa,MG,1,69.54,69.5400000000000000
balbinos,SP,1,69.29,69.2900000000000000
sao bentinho,PB,1,69.15,69.1500000000000000
pacotuba,ES,1,69.14,69.1400000000000000
monsenhor paulo,MG,1,69.12,69.1200000000000000
teixeira,PB,1,69.05,69.0500000000000000
gramado xavier,RS,1,68.97,68.9700000000000000
ceilandia,DF,1,68.84,68.8400000000000000
indiaroba,SE,1,68.80,68.8000000000000000
pratapolis,MG,1,68.62,68.6200000000000000
santa lucia,PR,1,68.49,68.4900000000000000
selbach,RS,1,68.13,68.1300000000000000
santa margarida,PR,1,68.13,68.1300000000000000
cerro grande,RS,1,68.02,68.0200000000000000
fenix,PR,1,67.92,67.9200000000000000
rio dos cedros,SC,1,67.82,67.8200000000000000
sao benedito,MG,1,67.76,67.7600000000000000
doce grande,PR,1,67.72,67.7200000000000000
tiradentes do sul,RS,1,67.70,67.7000000000000000
nova roma,GO,1,67.59,67.5900000000000000
calmon,SC,1,67.50,67.5000000000000000
ribeirao cascalheira,MT,1,67.39,67.3900000000000000
araguaia,ES,1,67.23,67.2300000000000000
vitorino,PR,1,67.23,67.2300000000000000
nova brescia,RS,1,66.82,66.8200000000000000
baixa grande,BA,1,66.24,66.2400000000000000
ribas do rio pardo,MS,1,66.13,66.1300000000000000
nova america,GO,1,66.11,66.1100000000000000
amparo da serra,MG,1,66.06,66.0600000000000000
ourem,PA,1,66.05,66.0500000000000000
quilometro 14 do mutum,ES,1,66.01,66.0100000000000000
santa terezinha,SC,1,66.01,66.0100000000000000
ibiajara,BA,1,65.80,65.8000000000000000
mansidao,BA,1,65.79,65.7900000000000000
apora,BA,1,65.70,65.7000000000000000
lebon regis,SC,1,65.67,65.6700000000000000
terezinha,PE,1,65.62,65.6200000000000000
machadinho,RS,1,65.60,65.6000000000000000
varzedo,BA,1,65.53,65.5300000000000000
cupira,PE,1,65.53,65.5300000000000000
jacutinga,RS,1,65.50,65.5000000000000000
bandeirantes d'oeste,SP,1,65.09,65.0900000000000000
igarape-miri,PA,1,65.03,65.0300000000000000
pureza,RJ,1,65.00,65.0000000000000000
pinto bandeira,RS,1,65.00,65.0000000000000000
almirante tamandare do sul,RS,1,65.00,65.0000000000000000
patis,MG,1,65.00,65.0000000000000000
sao benedito do sul,PE,1,64.83,64.8300000000000000
campo magro,PR,1,64.76,64.7600000000000000
marcos parente,PI,1,64.50,64.5000000000000000
unistalda,RS,1,64.47,64.4700000000000000
miradouro,MG,1,64.42,64.4200000000000000
palmeira d oeste,SP,1,64.42,64.4200000000000000
caparao,MG,1,64.42,64.4200000000000000
ulianopolis,PA,1,64.40,64.4000000000000000
arame,MA,1,64.14,64.1400000000000000
porto grande,AP,1,64.14,64.1400000000000000
elisiario,SP,1,64.10,64.1000000000000000
foz do jordao,PR,1,64.10,64.1000000000000000
baguari,MG,1,64.10,64.1000000000000000
vitoria das missoes,RS,1,64.00,64.0000000000000000
damianopolis,GO,2,63.84,31.9200000000000000
traipu,AL,1,63.79,63.7900000000000000
iomere,SC,1,63.79,63.7900000000000000
guaraquecaba,PR,1,63.37,63.3700000000000000
sao sebastiao da amoreira,PR,1,63.23,63.2300000000000000
pindoretama,CE,1,63.18,63.1800000000000000
sao rafael,RN,1,62.28,62.2800000000000000
santo amaro das brotas,SE,1,62.28,62.2800000000000000
formoso,GO,1,61.93,61.9300000000000000
ribeira do amparo,BA,1,61.79,61.7900000000000000
dias d avila,BA,1,61.79,61.7900000000000000
ubai,MG,1,61.73,61.7300000000000000
lagoa do mato,CE,1,61.62,61.6200000000000000
crominia,GO,1,61.00,61.0000000000000000
novo jardim,TO,1,60.98,60.9800000000000000
agrolandia,SC,1,60.91,60.9100000000000000
tuiuti,SP,1,60.85,60.8500000000000000
sao jorge do oeste,PR,1,60.53,60.5300000000000000
florania,RN,1,60.34,60.3400000000000000
segredo,RS,1,60.14,60.1400000000000000
bom jardim,MA,1,60.05,60.0500000000000000
belmonte,BA,1,60.05,60.0500000000000000
nobres,MT,1,59.91,59.9100000000000000
peri mirim,MA,1,59.83,59.8300000000000000
ponte alta do norte,SC,1,59.46,59.4600000000000000
sitio novo,MA,1,59.14,59.1400000000000000
queiroz,SP,1,58.90,58.9000000000000000
mutunopolis,GO,1,58.56,58.5600000000000000
mampituba,RS,1,58.55,58.5500000000000000
desterro de entre rios,MG,1,58.28,58.2800000000000000
alegria,RS,1,58.28,58.2800000000000000
malhador,SE,1,58.14,58.1400000000000000
cedro do abaete,MG,1,58.09,58.0900000000000000
santo antonio do taua,PA,1,57.74,57.7400000000000000
corrego danta,MG,1,57.62,57.6200000000000000
florinia,SP,1,57.61,57.6100000000000000
barao,RS,1,57.53,57.5300000000000000
natercia,MG,1,57.50,57.5000000000000000
ibiracu,ES,1,57.50,57.5000000000000000
mauriti,CE,1,57.28,57.2800000000000000
nova olinda,TO,1,56.79,56.7900000000000000
capela do alto alegre,BA,1,56.78,56.7800000000000000
igapora,BA,1,56.78,56.7800000000000000
itaju do colonia,BA,1,56.69,56.6900000000000000
agisse,SP,1,56.37,56.3700000000000000
vicosa,AL,1,56.05,56.0500000000000000
itatiba do sul,RS,1,55.95,55.9500000000000000
macieira,SC,1,55.56,55.5600000000000000
conceicao da ibitipoca,MG,1,55.09,55.0900000000000000
coimbra,MG,1,55.01,55.0100000000000000
inocencia,MS,1,54.82,54.8200000000000000
santana do sobrado,BA,1,54.82,54.8200000000000000
coreau,CE,1,54.81,54.8100000000000000
sao bras,AL,1,54.74,54.7400000000000000
combinado,TO,1,54.63,54.6300000000000000
ibicuitinga,CE,1,54.62,54.6200000000000000
jurema,PE,1,54.34,54.3400000000000000
virginia,MG,1,54.13,54.1300000000000000
acucena,MG,1,54.11,54.1100000000000000
santa maria,RN,1,53.98,53.9800000000000000
caxingo,PI,1,53.84,53.8400000000000000
jussiape,BA,1,53.79,53.7900000000000000
sanga puita,MS,1,53.69,53.6900000000000000
jandaia,GO,1,53.40,53.4000000000000000
paraiso das aguas,MS,1,53.34,53.3400000000000000
jaguarembe,RJ,1,53.31,53.3100000000000000
cacimbinhas,AL,1,53.30,53.3000000000000000
martinesia,MG,1,53.23,53.2300000000000000
joaima,MG,1,53.00,53.0000000000000000
gongogi,BA,1,52.13,52.1300000000000000
vermelho novo,MG,1,52.10,52.1000000000000000
igrapiuna,BA,1,52.05,52.0500000000000000
guabiju,RS,1,51.83,51.8300000000000000
sao joao do sabugi,RN,1,51.74,51.7400000000000000
antonio goncalves,BA,1,51.69,51.6900000000000000
alexandra,PR,1,51.31,51.3100000000000000
apiacas,MT,1,51.12,51.1200000000000000
divino das laranjeiras,MG,1,51.10,51.1000000000000000
boa esperanca do iguacu,PR,1,51.00,51.0000000000000000
acajutiba,BA,1,50.95,50.9500000000000000
simplicio mendes,PI,1,50.75,50.7500000000000000
morro agudo de goias,GO,1,50.68,50.6800000000000000
tome-acu,PA,1,50.62,50.6200000000000000
santa maria do salto,MG,1,50.48,50.4800000000000000
monte bonito,RS,1,50.34,50.3400000000000000
miravania,MG,1,50.10,50.1000000000000000
amapa do maranhao,MA,1,50.05,50.0500000000000000
vertentes,PE,1,49.62,49.6200000000000000
jamapara,RJ,1,49.60,49.6000000000000000
picada cafe,RS,1,49.60,49.6000000000000000
arvoredo,SC,1,49.40,49.4000000000000000
santa cruz do timbo,SC,1,49.31,49.3100000000000000
coqueiros do sul,RS,1,49.06,49.0600000000000000
prudencio thomaz,MS,1,49.04,49.0400000000000000
jardim de piranhas,RN,1,48.74,48.7400000000000000
gabriel monteiro,SP,1,48.72,48.7200000000000000
cabaceiras do paraguacu,BA,1,48.69,48.6900000000000000
guia lopes da laguna,MS,1,48.22,48.2200000000000000
buriti alegre,GO,1,48.22,48.2200000000000000
antonio carlos,MG,1,48.21,48.2100000000000000
bemposta,RJ,1,48.11,48.1100000000000000
colinas,RS,1,48.09,48.0900000000000000
dona emma,SC,1,47.81,47.8100000000000000
paraiso do sul,RS,1,47.29,47.2900000000000000
rosario do ivai,PR,1,47.23,47.2300000000000000
guinda,MG,1,47.11,47.1100000000000000
vila bela da santissima trindade,MT,1,46.78,46.7800000000000000
barao de juparana,RJ,1,46.72,46.7200000000000000
varzea grande,PI,1,46.65,46.6500000000000000
parisi,SP,1,46.34,46.3400000000000000
novo planalto,GO,1,46.29,46.2900000000000000
pirai do norte,BA,1,46.28,46.2800000000000000
turmalina,SP,1,46.23,46.2300000000000000
boa vista do sul,RS,1,46.22,46.2200000000000000
corumbatai do sul,PR,1,45.78,45.7800000000000000
rio grande do piaui,PI,1,45.70,45.7000000000000000
pium,TO,1,45.63,45.6300000000000000
centralina,MG,1,45.09,45.0900000000000000
santa rita de jacutinga,MG,1,45.09,45.0900000000000000
corrego do ouro,RJ,1,45.01,45.0100000000000000
marques de souza,RS,1,45.00,45.0000000000000000
sulina,PR,1,45.00,45.0000000000000000
santa luzia do norte,AL,1,44.95,44.9500000000000000
sao felix,BA,1,44.69,44.6900000000000000
jussara,PR,1,44.59,44.5900000000000000
senhora dos remedios,MG,1,44.51,44.5100000000000000
pescador,MG,1,44.42,44.4200000000000000
eldorado,MS,1,44.13,44.1300000000000000
vitoria,PR,1,44.09,44.0900000000000000
icaraima,PR,1,43.95,43.9500000000000000
vicosa do ceara,CE,1,43.79,43.7900000000000000
pires ferreira,CE,1,43.79,43.7900000000000000
angelo frechiani,ES,1,43.60,43.6000000000000000
flores de goias,GO,1,43.22,43.2200000000000000
minduri,MG,1,43.18,43.1800000000000000
medicilandia,PA,1,43.14,43.1400000000000000
sao joao de petropolis,ES,1,43.09,43.0900000000000000
laranjal,PR,1,43.09,43.0900000000000000
turvelandia,GO,1,42.40,42.4000000000000000
silveira carvalho,MG,1,42.27,42.2700000000000000
porteiras,CE,1,42.18,42.1800000000000000
nova guarita,MT,1,41.79,41.7900000000000000
francisco santos,PI,1,41.70,41.7000000000000000
satiro dias,BA,1,41.29,41.2900000000000000
monte alegre,RN,1,41.14,41.1400000000000000
morro vermelho,MG,1,40.99,40.9900000000000000
fernao,SP,1,40.85,40.8500000000000000
missao velha,CE,1,40.62,40.6200000000000000
demerval lobao,PI,1,40.38,40.3800000000000000
ipecaeta,BA,1,40.19,40.1900000000000000
uniao do oeste,SC,1,40.09,40.0900000000000000
leoberto leal,SC,1,40.09,40.0900000000000000
sobralia,MG,1,40.00,40.0000000000000000
monte santo,BA,1,40.00,40.0000000000000000
boraceia,SP,1,39.96,39.9600000000000000
vargem alegre,RJ,1,39.86,39.8600000000000000
serio,RS,1,39.69,39.6900000000000000
tracuateua,PA,1,39.61,39.6100000000000000
santana do capivari,MG,1,39.52,39.5200000000000000
delfim moreira,MG,1,39.37,39.3700000000000000
sertao santana,RS,1,39.13,39.1300000000000000
sao sebastiao de campos,RJ,1,38.90,38.9000000000000000
nova santa rita,PI,1,38.82,38.8200000000000000
pedra menina,MG,1,38.50,38.5000000000000000
cambiasca,RJ,1,38.09,38.0900000000000000
joaquim pires,PI,1,37.81,37.8100000000000000
pareci novo,RS,1,37.10,37.1000000000000000
vista alegre,RS,1,37.10,37.1000000000000000
vale do sol,RS,1,37.09,37.0900000000000000
duas barras,RJ,1,36.95,36.9500000000000000
nova redencao,BA,1,36.69,36.6900000000000000
joao dourado,BA,1,36.69,36.6900000000000000
faxinalzinho,RS,1,35.95,35.9500000000000000
desterro do melo,MG,1,35.86,35.8600000000000000
cuite velho,MG,1,35.09,35.0900000000000000
presidente castello branco,SC,1,35.00,35.0000000000000000
pinhal da serra,RS,1,35.00,35.0000000000000000
nova independencia,SP,1,34.86,34.8600000000000000
jacuipe,BA,1,34.78,34.7800000000000000
brejolandia,BA,1,34.78,34.7800000000000000
nova luzitania,SP,1,34.75,34.7500000000000000
caxambu do sul,SC,1,34.60,34.6000000000000000
barracao,PR,1,34.51,34.5100000000000000
jardim abc de goias,GO,1,34.09,34.0900000000000000
santa maria,DF,1,34.09,34.0900000000000000
balsa nova,PR,1,33.97,33.9700000000000000
uniao da serra,RS,1,33.60,33.6000000000000000
cabeceiras,GO,1,33.13,33.1300000000000000
montividiu do norte,GO,1,33.09,33.0900000000000000
uruana de minas,MG,1,33.00,33.0000000000000000
travesseiro,RS,1,32.71,32.7100000000000000
estevao de araujo,MG,1,32.43,32.4300000000000000
tupassi,PR,1,32.38,32.3800000000000000
agudo,RS,1,32.10,32.1000000000000000
presidente lucena,RS,1,32.09,32.0900000000000000
trombas,GO,1,32.07,32.0700000000000000
aparecida d'oeste,SP,1,31.75,31.7500000000000000
tuparece,MG,1,31.73,31.7300000000000000
cezarina,GO,1,31.72,31.7200000000000000
boa ventura,RJ,1,31.69,31.6900000000000000
senador jose porfirio,PA,1,31.63,31.6300000000000000
leopolis,PR,1,31.38,31.3800000000000000
vicente dutra,RS,1,31.22,31.2200000000000000
liberato salzano,RS,1,31.22,31.2200000000000000
sao bento abade,MG,1,31.10,31.1000000000000000
crucilandia,MG,1,30.47,30.4700000000000000
canapolis,BA,1,30.44,30.4400000000000000
estrela velha,RS,1,30.00,30.0000000000000000
palmital de minas,MG,1,29.42,29.4200000000000000
estiva,MG,1,29.13,29.1300000000000000
ponto do marambaia,MG,1,28.80,28.8000000000000000
reserva do iguacu,PR,1,28.52,28.5200000000000000
ibitiuva,SP,1,27.69,27.6900000000000000
ouro verde do oeste,PR,1,27.38,27.3800000000000000
nova resende,MG,1,26.09,26.0900000000000000
planaltina do parana,PR,1,25.85,25.8500000000000000
bom jardim de goias,GO,1,25.10,25.1000000000000000
erico cardoso,BA,1,24.88,24.8800000000000000
santo antonio do rio abaixo,MG,1,24.23,24.2300000000000000
santa maria,RJ,1,24.11,24.1100000000000000
tamboara,PR,1,24.09,24.0900000000000000
jenipapo de minas,MG,1,22.58,22.5800000000000000
polo petroquimico de triunfo,RS,1,20.70,20.7000000000000000
sabaudia,PR,1,20.42,20.4200000000000000
